Keys,Ukrainian [uk-UA]
Consoles/,""
Consoles/ACHIEVEMENT_DESC_001,"Виконайте сценарій без жодного виснаженого найманця у вашому загоні"
Consoles/ACHIEVEMENT_DESC_002,"Виконайте сценарій на нормальному або вищому рівні складності"
Consoles/ACHIEVEMENT_DESC_003,"Вилікуйте понад 60 одиниць здоров'я загоном за один сценарій"
Consoles/ACHIEVEMENT_DESC_004,"Переможіть Ватажка Бандитів у Кампанії"
Consoles/ACHIEVEMENT_DESC_005,"Зробіть так, щоб Дикун у вашому загоні використав дії Поштовху або Притягування 6 або більше разів за один сценарій"
Consoles/ACHIEVEMENT_DESC_006,"Зробіть так, щоб Шахрайка у вашому загоні добула 14 або більше стосів золота за один сценарій"
Consoles/ACHIEVEMENT_DESC_007,"Відправте найманця на спочинок"
Consoles/ACHIEVEMENT_DESC_008,"Переможіть Тілоохоронців Іноксів у Кампанії"
Consoles/ACHIEVEMENT_DESC_009,"Переможіть Джексеру в Кампанії"
Consoles/ACHIEVEMENT_DESC_010,"Переможіть Безбарвного у Кампанії"
Consoles/ACHIEVEMENT_DESC_011,"Переможіть Архідемона в Кампанії"
Consoles/ACHIEVEMENT_DESC_012,"Переможіть Безжального Наглядача в Кампанії"
Consoles/ACHIEVEMENT_DESC_013,"Переможіть Незряче Око в Кампанії"
Consoles/ACHIEVEMENT_DESC_014,"Майте загін із 4 найманців, кожен з яких має принаймні одну покращену карту"
Consoles/ACHIEVEMENT_DESC_015,"Переможіть Крилатого Жаху в Кампанії"
Consoles/ACHIEVEMENT_DESC_016,"Переможіть Темного Вершника в Кампанії"
Consoles/ACHIEVEMENT_DESC_017,"Переможіть Зрадника"
Consoles/ACHIEVEMENT_DESC_018,"Переможіть Капітана Варти в Кампанії"
Consoles/ACHIEVEMENT_DESC_019,"Виграйте сценарій, не завдавши жодної ближньої шкоди"
Consoles/ACHIEVEMENT_DESC_020,"Зробіть так, щоб найманець у вашому загоні завдав понад 200 одиниць шкоди за один сценарій"
Consoles/ACHIEVEMENT_DESC_021,"Передайте 10 або більше Медичних Наборів або Великих Медичних Наборів за один сценарій"
Consoles/ACHIEVEMENT_DESC_022,"Переможіть Стародавнього Дрейкa в Кампанії"
Consoles/ACHIEVEMENT_DESC_023,"Розблокуйте всіх найманців в одній кампанії"
Consoles/ACHIEVEMENT_DESC_024,"Переможіть Морока в Кампанії"
Consoles/ACHIEVEMENT_DESC_025,"Виконайте сценарій без жодного вбивства ворога найманцями з вашого загону"
Consoles/ACHIEVEMENT_DESC_026,"Виконайте завдання роботи на рівні складності Жорстокий або вище"
Consoles/ACHIEVEMENT_DESC_027,"Переможіть Верховного Культиста в Гільдіймейстері"
Consoles/ACHIEVEMENT_DESC_028,"Переможіть Ватажка Нежиті в Гільдіймейстері"
Consoles/ACHIEVEMENT_DESC_029,"Виконайте сценарій """"Це всього лише гра"""" в Гільдіймейстері"
Consoles/ACHIEVEMENT_DESC_030,"Виграйте сценарій, маючи в загоні лише найманців із Щелеп Лева"
Consoles/ACHIEVEMENT_DESC_031,"Переможіть Криваву Пухлину в Щелепах Лева"
Consoles/ACHIEVEMENT_DESC_032,"Переможіть Кривавого Жаху в Щелепах Лева"
Consoles/ACHIEVEMENT_DESC_033,"Переможіть Главу Ордену в Щелепах Лева"
Consoles/ACHIEVEMENT_DESC_034,"Добудьте всі скрині зі скарбами зі сценаріїв Щелеп Лева"
Consoles/ACHIEVEMENT_DESC_035,"Виконайте всі додаткові сценарії Щелеп Лева"
Consoles/ACHIEVEMENT_DESC_036,"Завдайте 20 або більше одиниць шкоди однією атакою та виконайте сценарій"
Consoles/ACHIEVEMENT_DESC_037,"Відновіть 7 втрачених карт за допомогою дій Чародійниці за один раунд та виконайте сценарій"
Consoles/ACHIEVEMENT_DESC_038,"Використайте 5 або більше Аугментів Думкокрадійкою за один сценарій"
Consoles/ACHIEVEMENT_DESC_039,"Убийте ворога з чотирма або більше негативними станами та виконайте сценарій"
Consoles/ACHIEVEMENT_DESC_040,"Накладіть 4 або більше різних негативних станів діями Винахідника за один сценарій"
Consoles/ACHIEVEMENT_DESC_041,"Розмістіть 6 або більше перешкод Пустотілим за один сценарій"
Consoles/ACHIEVEMENT_DESC_042,"Покращіть свою першу карту"
Consoles/ACHIEVEMENT_DESC_043,"Зробіть так, щоб Сонцеберегиня посилила союзників 10 або більше разів за один сценарій"
Consoles/ACHIEVEMENT_DESC_044,"Відправте на спочинок 5 найманців в одній Кампанії"
Consoles/ACHIEVEMENT_DESC_045,"Використайте 5 або більше Пісень в одному сценарії Оспівувачкою"
Consoles/ACHIEVEMENT_DESC_046,"Активуйте 3 або більше пасток за один раунд та виконайте сценарій"
Consoles/ACHIEVEMENT_DESC_047,"Убийте 10 або більше Приречених ворогів за один сценарій Прирікачем"
Consoles/ACHIEVEMENT_DESC_048,"Використайте 5 або більше дій прикликання Прикликачкою за один сценарій"
Consoles/ACHIEVEMENT_DESC_049,"Отруїть 10 або більше ворогів Моровісником за один сценарій"
Consoles/ACHIEVEMENT_DESC_050,"Використайте 10 або більше здібностей, що завдають шкоди вам самим, Берсерком за один сценарій"
Consoles/ACHIEVEMENT_DESC_051,"Зробіть так, щоб Інтендант у вашому загоні виконав 4 або більше дій атаки за один раунд, та виконайте сценарій"
Consoles/ACHIEVEMENT_DESC_052,"Спожийте принаймні по одному елементу кожного типу Елементалістом під час сценарію та виконайте його"
Consoles/ACHIEVEMENT_DESC_053,"Виконайте всі завдання подорожей у Гільдіймейстері"
Consoles/ACHIEVEMENT_DESC_054,"Виконайте всі Релікварні Сценарії у Гільдіймейстері"
Consoles/ACHIEVEMENT_DESC_055,"Зробіть так, щоб Пустковартова надала 10 або більше дій іншим найманцям за один сценарій"
Consoles/ACHIEVEMENT_DESC_056,"Зробіть так, щоб ведмідь Володаря Звірів завдав 100 або більше одиниць шкоди та вбив 6 або більше ворогів за один сценарій"
Consoles/ACHIEVEMENT_DESC_057,"Зробіть так, щоб Нічнотінь убив 8 або більше ворогів, будучи невидимим, за один сценарій"
Consoles/ACHIEVEMENT_DESC_058,"Зробіть так, щоб Рубака використав Фаворита у 5 або більше атаках за один сценарій"
Consoles/ACHIEVEMENT_DESC_059,"Досягніть 5-го або вищого рівня всіма новими класами Щелеп Лева"
Consoles/ACHIEVEMENT_DESC_060,"Зробіть так, щоб Багряний Страж завдав шкоди ворогам 10 або більше разів за допомогою Піщаного Диявола за один сценарій"
Consoles/ACHIEVEMENT_DESC_061,"Зробіть так, щоб Підривник знищив 8 або більше перешкод за один сценарій"
Consoles/ACHIEVEMENT_TITLE_001,"Я ще не помер"
Consoles/ACHIEVEMENT_TITLE_002,"Звичайний день у Похмурій Гавані"
Consoles/ACHIEVEMENT_TITLE_003,"Вакцина на підході"
Consoles/ACHIEVEMENT_TITLE_004,"Хто тут бос?"
Consoles/ACHIEVEMENT_TITLE_005,"Йди-но сюди!"
Consoles/ACHIEVEMENT_TITLE_006,"Моє... Усе моє..."
Consoles/ACHIEVEMENT_TITLE_007,"Сивий ветеран"
Consoles/ACHIEVEMENT_TITLE_008,"Заскочений зненацька"
Consoles/ACHIEVEMENT_TITLE_009,"Торговець гибеллю"
Consoles/ACHIEVEMENT_TITLE_010,"Додати трохи кольору"
Consoles/ACHIEVEMENT_TITLE_011,"Ненавиджу портали"
Consoles/ACHIEVEMENT_TITLE_012,"Щурячий Король"
Consoles/ACHIEVEMENT_TITLE_013,"Око за око"
Consoles/ACHIEVEMENT_TITLE_014,"Покращення!"
Consoles/ACHIEVEMENT_TITLE_015,"До дна"
Consoles/ACHIEVEMENT_TITLE_016,"Цефалофор"
Consoles/ACHIEVEMENT_TITLE_017,"Зрадити це"
Consoles/ACHIEVEMENT_TITLE_018,"Капітан на гачку"
Consoles/ACHIEVEMENT_TITLE_019,"Снайпер"
Consoles/ACHIEVEMENT_TITLE_020,"Майстер-асасин"
Consoles/ACHIEVEMENT_TITLE_021,"Професіонал з Дувра"
Consoles/ACHIEVEMENT_TITLE_022,"Як приборкати дрейка"
Consoles/ACHIEVEMENT_TITLE_023,"Спойлерна поліція!"
Consoles/ACHIEVEMENT_TITLE_024,"З Мороку постають лише жадібність і смерть"
Consoles/ACHIEVEMENT_TITLE_025,"Пацифіст"
Consoles/ACHIEVEMENT_TITLE_026,"Важка робота"
Consoles/ACHIEVEMENT_TITLE_027,"Культова секта"
Consoles/ACHIEVEMENT_TITLE_028,"Через твій труп"
Consoles/ACHIEVEMENT_TITLE_029,"Гільдіймейстер"
Consoles/ACHIEVEMENT_TITLE_030,"Нова кров"
Consoles/ACHIEVEMENT_TITLE_031,"Зло, що коять люди"
Consoles/ACHIEVEMENT_TITLE_032,"Мак-Ріді, приготуватися... Руш!"
Consoles/ACHIEVEMENT_TITLE_033,"Стережися моєї сили"
Consoles/ACHIEVEMENT_TITLE_034,"Щелепи перемоги!"
Consoles/ACHIEVEMENT_TITLE_035,"Герої-мандрівники"
Consoles/ACHIEVEMENT_TITLE_036,"Перебір"
Consoles/ACHIEVEMENT_TITLE_037,"Тільки-но я подумав, що вибрався..."
Consoles/ACHIEVEMENT_TITLE_038,"Покращений щур"
Consoles/ACHIEVEMENT_TITLE_039,"Поширюйте чуму"
Consoles/ACHIEVEMENT_TITLE_040,"Урок анатомії"
Consoles/ACHIEVEMENT_TITLE_041,"Біг з перешкодами"
Consoles/ACHIEVEMENT_TITLE_042,"Моя принада!"
Consoles/ACHIEVEMENT_TITLE_043,"Світло мого життя"
Consoles/ACHIEVEMENT_TITLE_044,"Ветеран підземель"
Consoles/ACHIEVEMENT_TITLE_045,"Зіграй це ще раз, Сем"
Consoles/ACHIEVEMENT_TITLE_046,"Ти активував мою карту-пастку!"
Consoles/ACHIEVEMENT_TITLE_047,"Загибель і морок"
Consoles/ACHIEVEMENT_TITLE_048,"Ватажок зграї"
Consoles/ACHIEVEMENT_TITLE_049,"Чорна смерть"
Consoles/ACHIEVEMENT_TITLE_050,"Біль — твій друг"
Consoles/ACHIEVEMENT_TITLE_051,"Почетверенна шкода"
Consoles/ACHIEVEMENT_TITLE_052,"Гарні вогники!"
Consoles/ACHIEVEMENT_TITLE_053,"Картограф"
Consoles/ACHIEVEMENT_TITLE_054,"Яка ще Лара?"
Consoles/ACHIEVEMENT_TITLE_055,"Природжена підтримка"
Consoles/ACHIEVEMENT_TITLE_056,"Посміхайся та терпи"
Consoles/ACHIEVEMENT_TITLE_057,"Тепер ти мене бачиш..."
Consoles/ACHIEVEMENT_TITLE_058,"Маю купу справ"
Consoles/ACHIEVEMENT_TITLE_059,"Діставайте великі гармати"
Consoles/ACHIEVEMENT_TITLE_060,"Багряне Торнадо"
Consoles/ACHIEVEMENT_TITLE_061,"Убивство, смерть, нищення"
Consoles/BUY_DLC,"Купити"
Consoles/COMMUNICATION_DISABLED_NOT_ALLOWED_REASON,"На жаль, наразі вам заборонено спілкуватися з цим користувачем."
Consoles/COMMUNICATION_DISABLED_SETTINGS_RESTRICTS_REASON,"На жаль, наразі вам заборонено спілкуватися з цим користувачем. Змініть свої налаштування."
Consoles/COMMUNICATION_DISABLED_UNKNOWN_REASON,"На жаль, наразі вам заборонено спілкуватися з цим користувачем. Змініть свої налаштування."
Consoles/COMMUNICATION_DISABLED_USER_IN_BLOCK_LIST_REASON,"На жаль, наразі вам заборонено спілкуватися з цим користувачем. Причина: користувач у списку блокування."
Consoles/COMMUNICATION_DISABLED_USER_IN_MUTE_LIST_REASON,"На жаль, наразі вам заборонено спілкуватися з цим користувачем. Причина: користувач у списку глушіння."
Consoles/COMPENDIUM_AreaEffects_4_CONSOLE,"Деякі атаки з зоною дії мають властивість дальності, що дозволяє цілитися в групу ворогів здалеку. Лише один із червоних гексів має бути в межах зазначеної дальності, і він не обов'язково має містити ворога.)<br><br>Ви можете атакувати ворогів лише в тих гексах, до яких у вас є лінія прямої видимості."
Consoles/CREATE_NEW_LOCAL_SAVE,"Це збереження для багатокористувацької сесії. Бажаєте створити приватне збереження на вашій консолі?"
Consoles/CREATE_NEW_LOCAL_SAVE_BUTTON,"Створити нове приватне збереження"
Consoles/CREATE_NEW_SAVE_MESSAGE_TITLE,"Створити нове приватне збереження"
Consoles/DEFAULT_SAVE_NAME,"Збереження"
Consoles/DOWNLOAD_IN_PROGRESS_TEXT,"Файли гри завантажуються прямо зараз. Вам не дозволено приєднуватися до багатокористувацької сесії, доки завантаження не завершиться."
Consoles/DOWNLOAD_IN_PROGRESS_TITLE,"Триває завантаження гри."
Consoles/Demolitionist_SKIN_ALT,"Альтернативний вигляд"
Consoles/ERROR_CORRUPTED_GLOBAL_DATA,"Ми виявили, що ваш файл GlobalData пошкоджено, і виправили його. Деякі з ваших налаштувань гри було скинуто до стандартних. Тепер ви можете відновити їх."
Consoles/ERROR_MULTIPLAYER_00117,"Мультиплеєр недоступний, будь ласка, перевірте підключення до інтернету."
Consoles/ERROR_SIGN_OUT_FROM_PSN_CLIENT,"Гравець вийшов із PlayStation™Network. Вихід із мультиплеєра та перехід до Головного меню."
Consoles/ERROR_SIGN_OUT_FROM_PSN_HOST,"Гравець вийшов із PlayStation™Network. Мультиплеєрну сесію закрито. Повернення до режиму одиночної гри."
Consoles/EULA_HEADER,"ЛІЦЕНЗІЙНА УГОДА З КІНЦЕВИМ КОРИСТУВАЧЕМ TWIN SAILS INTERACTIVE"
Consoles/EULA_REJECT,"Ви не можете отримати доступ до гри, якщо не приймете ЛІЦЕНЗІЙНУ УГОДУ З КІНЦЕВИМ КОРИСТУВАЧЕМ"
Consoles/FTUE_10_CONTROLLER,"Похмура Гавань не відома своїм вихованим людом та добрими самаритянами, але на її міських вулицях можна багато чого отримати... Ви можете вирішити <color=#EACF8C>взяти участь у Міських Пригодах</color>, увійшовши до Похмурої Гавані на карті, або натиснути {UI_SUBMIT}, щоб вибрати запис у Журналі Завдань. (Рекомендується робити це щоразу, коли ви перебуваєте в місті, оскільки вони часто дають хороші нагороди)."
Consoles/FTUE_12_CONTROLLER,"Місцезнаходження <color=#EACF8C>першого Завдання</color> позначено трохи на північ від Похмурої Гавані, ви побачите його під прапорцем із піктограмою завдання. У міру вашого прогресу на карті з'являтиметься більше місць квестів. Щоб відстежувати їх, ви можете використовувати Журнал Завдань з правого боку екрана.<br>Виберіть локацію Чорного Кургану або скористайтеся {UI_SUBMIT}, щоб вибрати запис у Журналі Завдань."
Consoles/FTUE_2.2_CONTROLLER,"Скористайтеся {UI_PREVIOUS_TAB}, щоб отримати доступ до <color=#EACF8C>Панелі Загону</color>."
Consoles/FTUE_2_CONTROLLER,"Ліворуч ви знайдете <color=#EACF8C>Панель Загону</color>. Тут ви побачите основну інформацію про найманців у вашому загоні (принаймні, коли додасте свого першого найманця).<br><b>Скористайтеся {UI_PREVIOUS_TAB}, щоб отримати доступ до <color=#EACF8C>Панелі Загону</color>.<b>"
Consoles/FTUE_3.2_CONTROLLER,"Використовуйте {UI_SUBMIT}, щоб <color=#EACF8C>вибрати кнопку «Новий Найманець»</color> і створити персонажа"
Consoles/FTUE_3_CONTROLLER,"Ви знайдете всіх своїх найманців і зможете додати їх до загону через Панель Персонажів. Зараз вона виглядає такою ж безплідною, як Мідногриві Гори, скористайтеся {UI_SUBMIT}, щоб <color=#EACF8C>вибрати кнопку «Новий Найманець»</color> і створити свого першого персонажа!"
Consoles/FTUE_5_CONTROLLER,"Далі ви оберете один із <color=#EACF8C>початкових класів персонажів</color>.<br>Кожен має унікальні здібності та стиль гри. У міру просування ви будете підвищувати рівень, отримувати нові карти здібностей та розблоковувати інші класи. Але пам'ятайте, зовнішність — це ще не все; карти здібностей найманця — це те, що визначає їхні дії в бою. Використовуйте {CREATOR_SHOW_ABILITY_CARDS}, щоб <color=#EACF8C>вибрати кнопку «Початкові Карти Здібностей»</color>, щоб переконатися, що це правильний найманець для вашого загону.<br>Коли ви будете впевнені у своєму рішенні, натисніть {UI_SUBMIT}, щоб <color=#EACF8C>вибрати найманця</color> та рухатися далі."
Consoles/FTUE_7.2_CONTROLLER,"Скористайтеся {UI_PREVIOUS_TAB}, щоб отримати доступ до <color=#EACF8C>Панелі Загону</color> та вибрати другий слот для персонажа"
Consoles/FTUE_7_CONTROLLER,"Скористайтеся {UI_PREVIOUS_TAB}, щоб вибрати <color=#EACF8C>Другий Слот Персонажа</color> на Панелі Загону та створити нового персонажа.<br>Майте на увазі, що ви не можете мати більше одного найманця одного класу в загоні одночасно, тому обов'язково створіть іншого!"
Consoles/FTUE_9.2_CONTROLLER,"Використовуйте {PREVIOUS_SHIELD_TAB} або {NEXT_SHIELD_TAB}, щоб оглянути опції міста та отримати доступ до <color=#EACF8C>Крамниці Купця</color>"
Consoles/FTUE_9.3_CONTROLLER,"Коли будете готові, <color=#EACF8C>поверніться до Карти Світу</color>"
Consoles/GUI_ABILITY_FULLY_ENHANCED,"Ця здібність <color=#5FD6E5>повністю покращена</color>"
Consoles/GUI_APPLY_AND_LOAD,"Застосувати та завантажити"
Consoles/GUI_AUTOSAVE_EXPLANATION_CONSOLE,"Цей застосунок використовує функцію автозбереження. Будь ласка, не закривайте застосунок, коли бачите піктограму автозбереження."
Consoles/GUI_BATTLE_GOALS_TIP_CONTROLLER,"Виберіть Бойову Ціль для кожного найманця перед входом у сценарій"
Consoles/GUI_BUY,"Купити"
Consoles/GUI_CANCEL,"Скасувати"
Consoles/GUI_CHARACTER_INVALID_NAME,"Неправильне ім'я персонажа"
Consoles/GUI_CHARACTER_NAME_SIX_DIGITS,"Ім'я найманця не може містити більше 6 цифр"
Consoles/GUI_CITY_QUEST_DESCR,"Вирушайте до Похмурої Гавані"
Consoles/GUI_CITY_QUEST_TITLE,"Нове"
Consoles/GUI_CONFIRMATION_KEYBOARD_MOUSE_ONLY,"Будь ласка, перемкніть пристрій введення, щоб отримати доступ до вибраної опції"
Consoles/GUI_CONFIRMATION_KEYBOARD_MOUSE_ONLY_HEADER,"Ця опція доступна лише за використання миші та клавіатури"
Consoles/GUI_CONFIRMATION_KEYBOARD_MOUSE_ONLY_SWITCH_INPUT,"Перемкнути введення"
Consoles/GUI_COST,"Вартість"
Consoles/GUI_CREDITS_PEOPLE,"<font=""MarcellusSC-Regular SDF""><color=#F7E9C9FF>Креативний Директор </color></font>
Mike West 

<font=""MarcellusSC-Regular SDF""><color=#F7E9C9FF>Виконавчий Продюсер</color></font>
Craig Oman

<font=""MarcellusSC-Regular SDF""><color=#F7E9C9FF>Артдиректор </color></font>
Neale Williams

<font=""MarcellusSC-Regular SDF""><color=#F7E9C9FF>Технічні Директори</color></font>
Brynn McCullagh
Marcus Lynn

<font=""MarcellusSC-Regular SDF""><color=#F7E9C9FF>Провідний Програміст </color></font>
James Payne

<font=""MarcellusSC-Regular SDF""><color=#F7E9C9FF>Програміст UI</color></font>
Paula Navarro Alfonso

<font=""MarcellusSC-Regular SDF""><color=#F7E9C9FF>Скриптер та Програміст</color></font>
Misha Colbourne

<font=""MarcellusSC-Regular SDF""><color=#F7E9C9FF>Програміст Процедурної Генерації</color></font>
Sam Swain - Apparance Ltd.

<font=""MarcellusSC-Regular SDF""><color=#F7E9C9FF>Програміст Інструментарію та Ігроладу</color></font>
Sean Wright

<font=""MarcellusSC-Regular SDF""><color=#F7E9C9FF>Програміст Графіки та Ігроладу</color></font>
Viktor Zatorskyi

<font=""MarcellusSC-Regular SDF""><color=#F7E9C9FF>Програміст Ігроладу </color></font>
Michael Waldo

<font=""MarcellusSC-Regular SDF""><color=#F7E9C9FF>Програміст Мультиплеєра </color></font>
Petteri Lampikoski

<font=""MarcellusSC-Regular SDF""><color=#F7E9C9FF>Додаткове Програмування</color></font>
Andriy Bychkovskyi
Barry Monahan
Estevão Arantes
Keith Wolf
Ned Birkin
Pavel Koňarik
Simon Jordan
Tim Sheinman

<font=""MarcellusSC-Regular SDF""><color=#F7E9C9FF>Аніматор</color></font>
Gary Welch

<font=""MarcellusSC-Regular SDF""><color=#F7E9C9FF>Художник Оточення </color></font>
Serhii Bilotil

<font=""MarcellusSC-Regular SDF""><color=#F7E9C9FF>Художник Персонажів</color></font>
Richard Hammond

<font=""MarcellusSC-Regular SDF""><color=#F7E9C9FF>Технічний Аніматор</color></font>
Jared Embley

<font=""MarcellusSC-Regular SDF""><color=#F7E9C9FF>Провідний Інтерфейсний Художник </color></font>
Michael Sanchez

<font=""MarcellusSC-Regular SDF""><color=#F7E9C9FF>Художник Інтерфейсу </color></font>
Jenny Brewer

<font=""MarcellusSC-Regular SDF""><color=#F7E9C9FF>Художник VFX</color></font>
Dominikus Reiter

<font=""MarcellusSC-Regular SDF""><color=#F7E9C9FF>Додаткова Артпідтримка</color></font>
Hannah McMillan
Marco Kovacs
Stuart McReath

<font=""MarcellusSC-Regular SDF""><color=#F7E9C9FF>Художник Концепт-арту та 2D </color></font>
Peter Lumby

<font=""MarcellusSC-Regular SDF""><color=#F7E9C9FF>Додаткові Художники Концепт-арту</color></font>
James Furlong
Jake Gumbleton

<font=""MarcellusSC-Regular SDF""><color=#F7E9C9FF>Письменник та Дизайнер Рівнів </color></font>
Leon Lynn

<font=""MarcellusSC-Regular SDF""><color=#F7E9C9FF>Молодший Дизайнер </color></font>
Mario Fernández Palenzuela

<font=""MarcellusSC-Regular SDF""><color=#F7E9C9FF>Асистент Продюсера </color></font>
Anthony Reeve

<font=""MarcellusSC-Regular SDF""><color=#F7E9C9FF>Команда Тестування </color></font>
Andrew Statters
Anthony Reeve
Drew Garner
Jason Guile
Mario Fernández Palenzuela

<font=""MarcellusSC-Regular SDF""><color=#F7E9C9FF>Додаткове Тестування</color></font>
Cayle Stocks
Connor McGovern
Connor Orpin
Luke Coalter

<font=""MarcellusSC-Regular SDF""><color=#F7E9C9FF>Додаткова Підтримка Виробництва</color></font>
Oliver Byrne

<font=""MarcellusSC-Regular SDF""><color=#F7E9C9FF>Додатковий Дизайн </color></font>
Alex Trowers

<font=""MarcellusSC-Regular SDF""><color=#F7E9C9FF>Композитор</color></font>
Russ Shaw
Sam Bucknall

<font=""MarcellusSC-Regular SDF""><color=#F7E9C9FF>Звуковий Дизайн від Cedar Studios Ltd.</color></font>
Tom Puttick
Phil French
Sam Bucknall
Josh Young

<font=""MarcellusSC-Regular SDF""><color=#F7E9C9FF>Character Art</color></font>
Little Red Zombies Studios

<font=""MarcellusSC-Regular SDF""><color=#F7E9C9FF>User Research carried out by Player Research - Brighton </color></font>

<font=""MarcellusSC-Regular SDF""><color=#F7E9C9FF>Особлива Подяка </color></font>
Abram Conn
Adrian Brooks
Alexander José Sommerfeldt
Alexey 'Cores' Sapunov
Alexey Sapunov
Annabella McCullagh
Arkady Colbourne
Brady Schlue
Brandon Davis
Carmen Cuesta Cabanes
Colin Kennedy
Cristian Giordano
Emily
Gripeaway 
Jan Sahlin
Jered Eliël Mühlenbruch
Jessica
John Dunnet
Jools West
Jose Navarro Monzo
Joseph Ware
Julio Fernandez Saviñon
Justin Calhoun
Lauren Reynolds
Lesley Oman
MandatoryQuest
Maria del Carmen Alfonso Tormo
Mike Würfel
Mikhail Zaitsev
Miroslav Mihov
Monika Klary
Nadia Colbourne
Nick Sickert
Nicolas Viellard
Nikolai Lynge Jørgensen
Panagiotis Tsoupidis
Patricia Byczek
Phil Colbourne
Piper Oman
Rhys Oulton
Sharon
Silvia Estall
Sophie Sandham
Spencer Powell
Stefan Clemens
Thomas Shelley
Cristian Gea Rodriguez
Eric Pla Erra
Nicole De Ambrosio 
Udo Schmalfuß
and the hard-working employees down at Burger Island


<font=""MarcellusSC-Regular SDF""><color=#F7E9C9FF>Улюбленці Flaming Fowl </color></font>
Charlie Tuna
Fiskars*
Griselwald
Hera
Indie
Kiki Bilouteski
Miggle*
Ollie
Ranger 
Sevvie
Smidgeon
The Pig Duck
Toktok*
Xispa*

* На жаль, втрачені під час розробки, але назавжди в наших серцях


<font=""MarcellusSC-Regular SDF""><color=#F7E9C9FF>Asmodee Digital </color></font>

<font=""MarcellusSC-Regular SDF""><color=#F7E9C9FF>Лінійний Продюсер</color></font>
Julien Séquert

<font=""MarcellusSC-Regular SDF""><color=#F7E9C9FF>Lead Лінійний Продюсер</color></font>
Rémy Chinchilla

<font=""MarcellusSC-Regular SDF""><color=#F7E9C9FF>Директор з Виробництва</color></font>
Laurent Lichnewsky

<font=""MarcellusSC-Regular SDF""><color=#F7E9C9FF>Геймдизайнер</color></font>
Maxime Antonoff
Alexis Clerc

<font=""MarcellusSC-Regular SDF""><color=#F7E9C9FF>Креативний Директор</color></font>
Rémi Hanesse

<font=""MarcellusSC-Regular SDF""><color=#F7E9C9FF>Бренд-менеджер</color></font>
Matthieu du Lac

<font=""MarcellusSC-Regular SDF""><color=#F7E9C9FF>Керівник Брендів та Продуктів</color></font>
Adrien Rotondo

<font=""MarcellusSC-Regular SDF""><color=#F7E9C9FF>Молодший Бренд-менеджер</color></font>
Romain Messer

<font=""MarcellusSC-Regular SDF""><color=#F7E9C9FF>Асистент Бренд-менеджера</color></font>
Robin Laffra

<font=""MarcellusSC-Regular SDF""><color=#F7E9C9FF>Провідний Маркетинговий Художник</color></font>
Sacha Mocquet

<font=""MarcellusSC-Regular SDF""><color=#F7E9C9FF>Художник Сінематиків</color></font>
Sylvain Dollez
Louis Dabrowski

<font=""MarcellusSC-Regular SDF""><color=#F7E9C9FF>Молодший Маркетинговий Художник</color></font>
Noémie Ardouin

<font=""MarcellusSC-Regular SDF""><color=#F7E9C9FF>Директор з Маркетингу</color></font>
Philippe Dao
Arthur Dosne

<font=""MarcellusSC-Regular SDF""><color=#F7E9C9FF>Керівник Операційного Відділу</color></font>
Anne-Sophie Canel

<font=""MarcellusSC-Regular SDF""><color=#F7E9C9FF>Реліз-менеджер</color></font>
Hélène Bertolotti

<font=""MarcellusSC-Regular SDF""><color=#F7E9C9FF>Керівник Платформних Проєктів</color></font>
Mehdi Lekehal

<font=""MarcellusSC-Regular SDF""><color=#F7E9C9FF>Керівник Цифрових Проєктів</color></font>
Elodie Domingues

<font=""MarcellusSC-Regular SDF""><color=#F7E9C9FF>Асистент з Цифрового Маркетингу</color></font>
Emma Robin
Aurélie Lescene

<font=""MarcellusSC-Regular SDF""><color=#F7E9C9FF>Комерційний Директор</color></font>
Marie Wolff

<font=""MarcellusSC-Regular SDF""><color=#F7E9C9FF>Менеджер з PR та Роботи з Інфлюенсерами</color></font>
Cosma Nicolau

<font=""MarcellusSC-Regular SDF""><color=#F7E9C9FF>Менеджер з Роботи з Інфлюенсерами</color></font>
Alain Viravau

<font=""MarcellusSC-Regular SDF""><color=#F7E9C9FF>Стратег із Соціальних та Платних Медіа</color></font>
Samuel Dempsey

<font=""MarcellusSC-Regular SDF""><color=#F7E9C9FF>Менеджер Спільноти</color></font>
Clara Terrats

<font=""MarcellusSC-Regular SDF""><color=#F7E9C9FF>Менеджер Спільноти</color></font>
Béatrice Millerioux Henriksen

<font=""MarcellusSC-Regular SDF""><color=#F7E9C9FF>Керівник Видавництва</color></font>
Julie Le Vacon

<font=""MarcellusSC-Regular SDF""><color=#F7E9C9FF>Агент Підтримки Клієнтів</color></font>
Pierre-Yves Ruys
Florian Marie-Emilienne

<font=""MarcellusSC-Regular SDF""><color=#F7E9C9FF>Керівник Служби Підтримки</color></font>
Maxime Crozier

<font=""MarcellusSC-Regular SDF""><color=#F7E9C9FF>Розробник BI/DBA</color></font>
Quentin Thomas

<font=""MarcellusSC-Regular SDF""><color=#F7E9C9FF>Аналітик Даних</color></font>
Arnaud Legendre

<font=""MarcellusSC-Regular SDF""><color=#F7E9C9FF>Тестувальник Трекінгу</color></font>
Valentin Sanchez de Leon
Benjamin Lutz

<font=""MarcellusSC-Regular SDF""><color=#F7E9C9FF>Керівник Відділу Даних</color></font>
Alexandre David

<font=""MarcellusSC-Regular SDF""><color=#F7E9C9FF>Провідний Тестувальник</color></font>
Nicolas Dupont

<font=""MarcellusSC-Regular SDF""><color=#F7E9C9FF>Assistant Провідний Тестувальник</color></font>
Claire Hoffmann
Médéric Bourdillon
Jean-philippe Martin

<font=""MarcellusSC-Regular SDF""><color=#F7E9C9FF>Тестувальник</color></font>
Sarah Brasset
Valentin Serri
Olivier Garin
Sébastien Weissrock
Aurélie Lecesne
François-xavier Yacono
Ludovic Rault
Harlan Chomarat
Amélie Perret

<font=""MarcellusSC-Regular SDF""><color=#F7E9C9FF>Керівник QA</color></font>
Jean-baptiste Coblence


<font=""MarcellusSC-Regular SDF""><color=#F7E9C9FF>Riotloc</color></font>
<font=""MarcellusSC-Regular SDF""><color=#F7E9C9FF>Координація Локалізації</color></font>
Vladimir Konoplitsky
Anna Kiseleva
Alexander Bolotin

<font=""MarcellusSC-Regular SDF""><color=#F7E9C9FF>Французька Локалізація</color></font>
Eric Holweck
Bérangère Holweck
Ophélie Colin
Jonathan Pierre

<font=""MarcellusSC-Regular SDF""><color=#F7E9C9FF>Німецька Локалізація</color></font>
Roland Austinat
Lorenz Hommers
Heinrich Lenhardt
Ulrich Onken
Gesine Preusser
Isabel Sterner
Constanze Vogl

<font=""MarcellusSC-Regular SDF""><color=#F7E9C9FF>Іспанська Локалізація</color></font>
Ramón Méndez
Alba Calvo
Curri Barceló
Juan Ramón Acedo
Emilio Ros
Rubén Moralejo
Laia Díez
David Neira



<font=""MarcellusSC-Regular SDF""><color=#F7E9C9FF>Liquid Violet</color></font>

<font=""MarcellusSC-Regular SDF""><color=#F7E9C9FF>Оповідач</color></font>
Alec Newman

<font=""MarcellusSC-Regular SDF""><color=#F7E9C9FF>Режисери Озвучування</color></font>
Rosie Jones
Danny Baldwin

<font=""MarcellusSC-Regular SDF""><color=#F7E9C9FF>Звукорежисери</color></font>
Hayley Allen
Sean Moher

<font=""MarcellusSC-Regular SDF""><color=#F7E9C9FF>Виробництво</color></font>
Jon Youseman
Chris Hopkins

<font=""MarcellusSC-Regular SDF""><color=#F7E9C9FF>Post-Виробництво</color></font>
Alyx Jones
Kevin Davey
James Kirk
Charlie Thomas

<font=""MarcellusSC-Regular SDF""><color=#F7E9C9FF>Cephalofair Games </color></font>
<font=""MarcellusSC-Regular SDF""><color=#F7E9C9FF>CEO / Геймдизайнер</color></font>
Isaac Childres

<font=""MarcellusSC-Regular SDF""><color=#F7E9C9FF>Операційний Директор</color></font>
Price Johnson

<font=""MarcellusSC-Regular SDF""><color=#F7E9C9FF>Графічний Дизайн </color></font>
 Josh McDowell

<font=""MarcellusSC-Regular SDF""><color=#F7E9C9FF>Art</color></font>
 Alexandr Elichev
Álvaro Nebot

<font=""MarcellusSC-Regular SDF""><color=#F7E9C9FF>Скульптури</color></font>
James Van Schaik

<font=""MarcellusSC-Regular SDF""><color=#F7E9C9FF>Редагування</color></font>
Jim Spivey
Mathew G. Somers
Marcel Cwertetschka

<font=""MarcellusSC-Regular SDF""><color=#F7E9C9FF>Особлива Подяка</color></font>
Kristyn Childres, Katie, Finn, Ada, and Cora McDowell, Charilaos
Bacharis, Clinton Bradford, Brandon Butcher, Travis Chance,
Joseph Childres, Rob Daviau, Paul Grogan, Brendon Hall,""
""Richard Ham, Kasper Hansen, Walker Hardin, Chuck Hennemann,
Scott Horton, Brian Hunter, David Isakov, Alexander Klatte, Carl
Klutzke, Brian Lee, Nick Little, Kevin Manning, Jan Meyberg,
Timo Multamäki, Ray Phay, Joan Prats, Andrew Ritchey, Adam
Sadler, Brady Sadler, Eric Sanson, Scott Starkey, JC Trombley, Arne
Vikhagen, Michael Wilkins, Stefan Zappe, Marcel Cwertetschka,
Tim and Kim De Smet, Jared Gillespie, David Isakov, Jeremy Kaemmer, Mathew G. Somers

<font=""MarcellusSC-Regular SDF""><size=36><color=#F7E9C9FF>TWIN SAILS INTERACTIVE</color></size></font>

<font=""MarcellusSC-Regular SDF""><color=#F7E9C9FF>Керуючий Директор</color></font>
Nicolas Godement

<font=""MarcellusSC-Regular SDF""><color=#F7E9C9FF>Виробництво Team</color></font>

<font=""MarcellusSC-Regular SDF""><color=#F7E9C9FF>Директор з Виробництва</color></font>
Laurent Lichnewsky

<font=""MarcellusSC-Regular SDF""><color=#F7E9C9FF>Senior Лінійний Продюсер</color></font>
Claire Leger

<font=""MarcellusSC-Regular SDF""><color=#F7E9C9FF>Лінійний Продюсер</color></font>
Julien Sequert

<font=""MarcellusSC-Regular SDF""><color=#F7E9C9FF>Геймдизайнер</color></font>
Maxime Antonoff

<font=""MarcellusSC-Regular SDF""><color=#F7E9C9FF>Marketing Team</color></font>

<font=""MarcellusSC-Regular SDF""><color=#F7E9C9FF>Директор з Маркетингу</color></font>
Adrien Rotondo

<font=""MarcellusSC-Regular SDF""><color=#F7E9C9FF>Brand Manager</color></font>
Romain Messer

<font=""MarcellusSC-Regular SDF""><color=#F7E9C9FF>Маркетингові Художники</color></font>
Christelle Ardouin
Flavie Lucas
Iris Yassur
Noémie Ardouin

<font=""MarcellusSC-Regular SDF""><color=#F7E9C9FF>Художник Сінематиківs</color></font>
Louis Dabrowski
Sylvain Dollez
Yann Bachelery

<font=""MarcellusSC-Regular SDF""><color=#F7E9C9FF>Ком'юніті-менеджер</color></font>
Béatrice Millerioux Henriksen

<font=""MarcellusSC-Regular SDF""><color=#F7E9C9FF>Команда Реліз-менеджменту</color></font>

<font=""MarcellusSC-Regular SDF""><color=#F7E9C9FF>Реліз-менеджер</color></font>
Hélène Bertolotti

<font=""MarcellusSC-Regular SDF""><color=#F7E9C9FF>Neutrimem</color></font>
Gary Jacob
Joao Marcos

<font=""MarcellusSC-Regular SDF""><color=#F7E9C9FF>Команда Тестування</color></font>

<font=""MarcellusSC-Regular SDF""><color=#F7E9C9FF>QA Lead</color></font>
Jean-Baptiste Coblence

<font=""MarcellusSC-Regular SDF""><color=#F7E9C9FF>QA Тестувальники</color></font>
Médéric Bourdillon
Jean-Philippe Martin
Harlan Chomarat
Laura Bondu
Valentin Duval

<font=""MarcellusSC-Regular SDF""><color=#F7E9C9FF>Комерційна Команда</color></font>

<font=""MarcellusSC-Regular SDF""><color=#F7E9C9FF>Комерційний Директор</color></font>
Marie Wolff

<font=""MarcellusSC-Regular SDF""><color=#F7E9C9FF>Комерційний Директор assistant</color></font>
Karim Amara

<font=""MarcellusSC-Regular SDF""><color=#F7E9C9FF>PR та Підтримка</color></font>

<font=""MarcellusSC-Regular SDF""><color=#F7E9C9FF>PR Manager</color></font>
Cosma Nicolau

<font=""MarcellusSC-Regular SDF""><color=#F7E9C9FF>PR-спеціаліст</color></font>
Océane Hurtaud

<font=""MarcellusSC-Regular SDF""><color=#F7E9C9FF>Підтримка Клієнтів</color></font>
Mathys Marie-Emilienne

<font=""MarcellusSC-Regular SDF""><color=#F7E9C9FF>Twin Sails Interactive - Other services</color></font>

<font=""MarcellusSC-Regular SDF""><color=#F7E9C9FF>Фінансовий Менеджер</color></font>
Sébastien Lebigre

<font=""MarcellusSC-Regular SDF""><color=#F7E9C9FF>Бухгалтер</color></font>
Guerline Jean Francois

<font=""MarcellusSC-Regular SDF""><color=#F7E9C9FF>Юридичний Відділ Asmodee</color></font>

<font=""MarcellusSC-Regular SDF""><color=#F7E9C9FF>Senior Legal Counsel</color></font>
Audrey Jouvion

<font=""MarcellusSC-Regular SDF""><color=#F7E9C9FF>Legal Counsel</color></font>
Quentin Monfront

<font=""MarcellusSC-Regular SDF""><color=#F7E9C9FF>Радник з питань GDPR</color></font>
Laurence Gardias

<font=""MarcellusSC-Regular SDF""><color=#F7E9C9FF>Особлива Подяка</color></font>
Pierre Ortolan, Senior Vice President Interactive business development & licensing, Asmodee
Remy Chinchilla
Yann Corno

<font=""MarcellusSC-Regular SDF""><color=#F7E9C9FF>SABER INTERACTIVE INC.</color></font>

<font=""MarcellusSC-Regular SDF""><color=#F7E9C9FF>CEO</color></font>
Matt Karch

<font=""MarcellusSC-Regular SDF""><color=#F7E9C9FF>COO</color></font>
Andrey Iones

<font=""MarcellusSC-Regular SDF""><color=#F7E9C9FF>CCO</color></font>
Tim Willits

<font=""MarcellusSC-Regular SDF""><color=#F7E9C9FF>CFO</color></font>
Gary Levin

<font=""MarcellusSC-Regular SDF""><color=#F7E9C9FF>CTO</color></font>
Anton Krupkin

<font=""MarcellusSC-Regular SDF""><color=#F7E9C9FF>Генеральний Юрисконсульт</color></font>
Jeff Oshinsky

<font=""MarcellusSC-Regular SDF""><color=#F7E9C9FF>Керівник Видавництва</color></font>
Todd Hollenshead

<font=""MarcellusSC-Regular SDF""><color=#F7E9C9FF>Head of Development</color></font>
Brad Doan

<font=""MarcellusSC-Regular SDF""><color=#F7E9C9FF>Head of Marketing</color></font>
Adam Tedman

<font=""MarcellusSC-Regular SDF""><color=#F7E9C9FF>Head of Public Relations</color></font>
Shaun Norton

<font=""MarcellusSC-Regular SDF""><color=#F7E9C9FF>Директор по Роботі зі Спільнотою</color></font>
Michael Calvert

<font=""MarcellusSC-Regular SDF""><color=#F7E9C9FF>Координатор з Маркетингу</color></font>
Alex Greenbaum

<font=""MarcellusSC-Regular SDF""><color=#F7E9C9FF>Директор з Розвитку Бізнесу</color></font>
Corey Wade

<font=""MarcellusSC-Regular SDF""><color=#F7E9C9FF>Директор з Розвитку Бізнесу</color></font>
Janna Goranskaya

<font=""MarcellusSC-Regular SDF""><color=#F7E9C9FF>Директор з Розвитку Бізнесу</color></font>
Matt McKnight

<font=""MarcellusSC-Regular SDF""><color=#F7E9C9FF>Директор з Продуктів</color></font>
Chris Martin

<font=""MarcellusSC-Regular SDF""><color=#F7E9C9FF>Нарративний Директор</color></font>
Craig Sherman

<font=""MarcellusSC-Regular SDF""><color=#F7E9C9FF>Креативний Директор</color></font>
Jason O'Connell

<font=""MarcellusSC-Regular SDF""><color=#F7E9C9FF>Генеральний Продюсер</color></font>
Sergey Larionov

<font=""MarcellusSC-Regular SDF""><color=#F7E9C9FF>Відділ Тестування Saber</color></font>

<font=""MarcellusSC-Regular SDF""><color=#F7E9C9FF>Директор з Якості</color></font>
Victor Glyanenko

<font=""MarcellusSC-Regular SDF""><color=#F7E9C9FF>QA-менеджер</color></font>
Nina Reznichenko

<font=""MarcellusSC-Regular SDF""><color=#F7E9C9FF>Quality Assurance Lead</color></font>
Evgenii Kolchev

<font=""MarcellusSC-Regular SDF""><color=#F7E9C9FF>Керівник QA Проєкту</color></font>
Vladimir Litchenko

<font=""MarcellusSC-Regular SDF""><color=#F7E9C9FF>Команда Тестування</color></font>
Aleksandr Dmitriev
Andrei Volgin
Danila Kultin
Daria Nikiforova
Dmitrii Fedorovykh
Margarita Mitrofanova
Mikhail ""LionHead"" Rybalkin
Nadezhda Marchenko
Stanislav Dubeikovskii
Valerii ""Wolya-lya"" Bezrodnyi
Viktoriya Firsova

<font=""MarcellusSC-Regular SDF""><color=#F7E9C9FF>Bytex LLC</color></font>

<font=""MarcellusSC-Regular SDF""><color=#F7E9C9FF>CEO</color></font>
Alexander Torgovkin

<font=""MarcellusSC-Regular SDF""><color=#F7E9C9FF>Ресурсний Менеджер та QA Супервайзер</color></font>
Artem Stukalov

<font=""MarcellusSC-Regular SDF""><color=#F7E9C9FF>Команда Тестування Lead</color></font>
Nikita Sysuev

<font=""MarcellusSC-Regular SDF""><color=#F7E9C9FF>Команда Тестування</color></font>
Aleksandr Perepelkin
Aleksei Mironchev
Anton Merkulov
Danil Uchevatov
Denis Kalashnikov
Denis ""Maverad"" Penchugin
Evgenii Orin
Kirill “Amitey Arji” Danilin
Mikhail Kibakov
Oleg Baranov
Sergei Bochkarev
Sergei Kurgaev
Sergei Safonov
Sergei Yakovlev
Vladislav Chindiaikin
Iaroslav ""Enai"" Stolbniakov

<font=""MarcellusSC-Regular SDF""><size=36><color=#F7E9C9FF>SABER INTERACTIVE MINSK</color></size></font>

<font=""MarcellusSC-Regular SDF""><color=#F7E9C9FF>CEO</color></font>
Tim Dvoskin

<font=""MarcellusSC-Regular SDF""><color=#F7E9C9FF>CTO</color></font>
Artur Mazurik

<font=""MarcellusSC-Regular SDF""><color=#F7E9C9FF>Executive Director</color></font>
Valeriy Kovalenko

<font=""MarcellusSC-Regular SDF""><color=#F7E9C9FF>Артдиректор / Lead UX Designer</color></font>
Sergey Starokhozyaev

<font=""MarcellusSC-Regular SDF""><color=#F7E9C9FF>Виконавчий Продюсер</color></font>
Ivan Koptik

<font=""MarcellusSC-Regular SDF""><color=#F7E9C9FF>Виконавчий Продюсер</color></font>
Alexander Nasonov

<font=""MarcellusSC-Regular SDF""><color=#F7E9C9FF>Associate Producer & Game Design</color></font>
Roman Safin

<font=""MarcellusSC-Regular SDF""><color=#F7E9C9FF>Art Team</color></font>

<font=""MarcellusSC-Regular SDF""><color=#F7E9C9FF>Художник Інтерфейсу</color></font>
Maria Chernomorova

<font=""MarcellusSC-Regular SDF""><color=#F7E9C9FF>Concept Artists</color></font>
Alexey Klinov
Viktoria Bondareva
Alesia Matsiushonak

<font=""MarcellusSC-Regular SDF""><color=#F7E9C9FF>Tech artist</color></font>
Daniel Citrons

<font=""MarcellusSC-Regular SDF""><color=#F7E9C9FF>Development Team</color></font>

<font=""MarcellusSC-Regular SDF""><color=#F7E9C9FF>Lead Developer</color></font>
Mikhail Pechaneu

<font=""MarcellusSC-Regular SDF""><color=#F7E9C9FF>Developers</color></font>
Alexey Golub
Aleksei Zborovskii
Andrey Zubko
Artem Artamonov
Dima Bogdanov
Ekaterina Hinkel
Ivan Klimov
Matvey Zhorov
Max Klimenok
Maxim Kazachonak
Mikhail Gorychev
Oleg Korotkikh
Oleg Mandrazhiev
Raul Butaev
Roman Malius
Roman Romanovsky
Yaroslav Toropov

<font=""MarcellusSC-Regular SDF""><color=#F7E9C9FF>Команда IT та DevOps</color></font>

<font=""MarcellusSC-Regular SDF""><color=#F7E9C9FF>Системний Адміністратор</color></font>
Andrey Murashko

<font=""MarcellusSC-Regular SDF""><color=#F7E9C9FF>DevOps</color></font>
Alexey Zholnerkevich

<font=""MarcellusSC-Regular SDF""><color=#F7E9C9FF>Команда Тестування</color></font>
Eugeniy Androsik
Tatsiana Nikolaychuk
Ivan Minets"
Consoles/GUI_DEVOTION_TOOLTIP,"Пожертвуйте золото в Храм Великого Дуба, щоб збільшити Відданість загону."
Consoles/GUI_DISCONNECTION_BOX_MESSAGE,"Підключіть контролер для продовження"
Consoles/GUI_DISCONNECTION_BOX_MESSAGE_PS4_EU,"Підключіть бездротовий контролер DUALSHOCK®4 для продовження"
Consoles/GUI_DISCONNECTION_BOX_MESSAGE_PS4_US,"Підключіть бездротовий контролер DUALSHOCK®4 для продовження"
Consoles/GUI_DISCONNECTION_BOX_MESSAGE_PS5_EU,"Підключіть бездротовий контролер DualSense™ для продовження"
Consoles/GUI_DISCONNECTION_BOX_MESSAGE_PS5_US,"Підключіть бездротовий контролер DualSense™ для продовження"
Consoles/GUI_DISCONNECTION_BOX_MESSAGE_SWITCH,"Підключіть контролер Joy-Con для продовження"
Consoles/GUI_DISCONNECTION_BOX_MESSAGE_XboxOne,"Підключіть бездротовий контролер Xbox для продовження"
Consoles/GUI_DISCONNECTION_BOX_TITLE,"Введення втрачено!"
Consoles/GUI_DLC_JAWS_OF_THE_LION_DESCRIPTION,"25 нових сценаріїв
4 унікальні найманці
10 нових ворогів та босів
22 дорожні події
10 нових предметів
24 додаткові Бойові Цілі"
Consoles/GUI_DLC_SOLO_SCENARIOS_DESCRIPTION,"17 нових надзвичайно жорстоких сценаріїв
17 нових предметів
Нові унікальні вороги"
Consoles/GUI_DLC_TITLE,"Завантажуваний вміст"
Consoles/GUI_ENHANCED,"Покращено"
Consoles/GUI_ENTER_GUILD_NAME_TO_CONTINUE,"Введіть назву гільдії для продовження"
Consoles/GUI_ERROR_CONTINUE_BUTTON,"Продовжити"
Consoles/GUI_ERROR_EXIT_GAME_BUTTON,"Вийти з гри"
Consoles/GUI_ERROR_MAIN_MENU_BUTTON,"Перейти до Головного меню"
Consoles/GUI_ERROR_MULTIPLAYER_CONNECTION_NOTIFICATION,"Здається, виникла проблема зі з'єднанням! Вас було відключено."
Consoles/GUI_ERROR_RESET_SAVEFILE_BUTTON,"Скинути файл збереження"
Consoles/GUI_ERROR_RESET_SCENARIO_BUTTON,"Скинути сценарій до початку"
Consoles/GUI_ERROR_RETRY,"Повторити"
Consoles/GUI_ERROR_RETURN_TO_MAP_BUTTON,"Повернутися до Карти Пригод"
Consoles/GUI_HOLD_KEY,"УТРИМУВАТИ"
Consoles/GUI_HOTKEY_ABOUT,"Про гру"
Consoles/GUI_HOTKEY_ACCEPT,"Прийняти"
Consoles/GUI_HOTKEY_ACTIVATE_DLC,"Активувати DLC"
Consoles/GUI_HOTKEY_ALL_CARDS,"Усі карти"
Consoles/GUI_HOTKEY_ALL_CARD_HAND_MOVE,"Рух"
Consoles/GUI_HOTKEY_ALL_CARD_NEXT_HAND,"Наступна"
Consoles/GUI_HOTKEY_ALL_CARD_PREVIOUS_HAND,"Попередня"
Consoles/GUI_HOTKEY_BACK,"Назад"
Consoles/GUI_HOTKEY_BUY,"Купити"
Consoles/GUI_HOTKEY_CARDS,"Карти"
Consoles/GUI_HOTKEY_CHANGE_SKIN,"Змінити вигляд"
Consoles/GUI_HOTKEY_CLAIM_REWARD,"Забрати нагороду"
Consoles/GUI_HOTKEY_CONCEAL_PERSONAL_QUEST,"Приховати особисте завдання"
Consoles/GUI_HOTKEY_CONFIRM,"Підтвердити"
Consoles/GUI_HOTKEY_CONFIRM_LANGUAGE,"Підтвердити мову"
Consoles/GUI_HOTKEY_CONFIRM_TRAVEL,"Подорожувати"
Consoles/GUI_HOTKEY_CONTINUE,"Продовжити"
Consoles/GUI_HOTKEY_DELETE,"Видалити"
Consoles/GUI_HOTKEY_DELETE_CHARACTER,"Видалити персонажа"
Consoles/GUI_HOTKEY_EDIT,"Редагувати"
Consoles/GUI_HOTKEY_END_SELECTION,"Завершити вибір"
Consoles/GUI_HOTKEY_ENTER,"Вхід"
Consoles/GUI_HOTKEY_ENTER_DUNGEON,"Увійти до підземелля"
Consoles/GUI_HOTKEY_FAST_FORWARD,"Прискорити анімацію"
Consoles/GUI_HOTKEY_FAST_FORWARD_AUTO,"Автоприскорення анімацій"
Consoles/GUI_HOTKEY_FURTHER_ABILITY_CARDS,"Наступні карти здібностей"
Consoles/GUI_HOTKEY_HEX_GRID,"Сітка гексів"
Consoles/GUI_HOTKEY_HIDE_CARDS,"Приховати список карт"
Consoles/GUI_HOTKEY_HIGHLIGHT,"Підсвітити об'єкти взаємодії (УТРИМУВАТИ)"
Consoles/GUI_HOTKEY_HIGHLIGHT_TACTICAL,"Показати інформацію"
Consoles/GUI_HOTKEY_INFO,"Інформація"
Consoles/GUI_HOTKEY_KICK_PLAYER,"Вигнати гравця"
Consoles/GUI_HOTKEY_MERCENARY,"Найманець"
Consoles/GUI_HOTKEY_MOVE,"Рух"
Consoles/GUI_HOTKEY_MOVE_CAMERA,"Камера"
Consoles/GUI_HOTKEY_MOVE_CAMERA_MAP,"Рух"
Consoles/GUI_HOTKEY_MOVE_CURSOR,"Рух"
Consoles/GUI_HOTKEY_NAME,"Ім'я"
Consoles/GUI_HOTKEY_PING_TILE,"Позначити гекс"
Consoles/GUI_HOTKEY_QUEST_LIST,"Список завдань"
Consoles/GUI_HOTKEY_RENAME,"Перейменувати"
Consoles/GUI_HOTKEY_RESET_MERCENARY,"Скинути найманця"
Consoles/GUI_HOTKEY_RETRY,"Повторити"
Consoles/GUI_HOTKEY_RETURN_TO_MAP,"Повернутися до карти"
Consoles/GUI_HOTKEY_RETURN_TO_MENU,"Повернутися до меню"
Consoles/GUI_HOTKEY_ROTATE_CAMERA,"Повернути"
Consoles/GUI_HOTKEY_ROTATE_TARGET,"Повернути ціль"
Consoles/GUI_HOTKEY_SELECT,"Вибрати"
Consoles/GUI_HOTKEY_SELECT_QUEST,"Вибрати завдання"
Consoles/GUI_HOTKEY_SELL,"Продати"
Consoles/GUI_HOTKEY_SHOP_BUY_ITEM,"Купити предмет"
Consoles/GUI_HOTKEY_SHOP_CANCEL,"Скасувати"
Consoles/GUI_HOTKEY_SHOP_SELL_ITEM,"Продати предмет"
Consoles/GUI_HOTKEY_SHOW_CARDS,"Показати список карт"
Consoles/GUI_HOTKEY_STARTING_ABILITY_CARDS,"Початкові карти здібностей"
Consoles/GUI_HOTKEY_STARTING_MERCENARY_INFO,"Інформація про найманця"
Consoles/GUI_HOTKEY_STARTING_PERKS,"Початкові перки"
Consoles/GUI_HOTKEY_SWITCH,"Перемкнути"
Consoles/GUI_HOTKEY_TIPS,"Підказки"
Consoles/GUI_HOTKEY_UNSELECT,"Скасувати вибір"
Consoles/GUI_HOTKEY_ZOOM_CAMERA,"Масштаб"
Consoles/GUI_IIS_PRESS_ANY_KEY_TO_CONTINUE,"Натисніть будь-яку клавішу для продовження"
Consoles/GUI_IIS_PRESS_A_TO_CONTINUE,"Натисніть <sprite name=Xbox_A> для продовження"
Consoles/GUI_INVENTORY_EQUIPPED_INFO,"Екіпіровано"
Consoles/GUI_INVENTORY_EQUIPPED_ITEM,"Екіпіровано"
Consoles/GUI_INVENTORY_OWNED_ITEM,"У власності"
Consoles/GUI_INVENTORY_SLOT_HEADER_ALL,"Усі предмети"
Consoles/GUI_INVENTORY_SLOT_HEADER_BODY,"Предмети для тіла"
Consoles/GUI_INVENTORY_SLOT_HEADER_HAND,"Предмети для рук"
Consoles/GUI_INVENTORY_SLOT_HEADER_HEAD,"Предмети для голови"
Consoles/GUI_INVENTORY_SLOT_HEADER_LEG,"Предмети для ніг"
Consoles/GUI_INVENTORY_SLOT_HEADER_OWNED,"Інвентар"
Consoles/GUI_INVENTORY_SLOT_HEADER_SMALL_ITEMS,"Малі предмети"
Consoles/GUI_INVITE_USER,"Запросити"
Consoles/GUI_ITEM_CANNOT_BE_SOLD,"Не можна продати"
Consoles/GUI_ITEM_OUTOFSTOCK,"Немає в наявності"
Consoles/GUI_LOAD,"Завантажити"
Consoles/GUI_MAIN_MENU_LEVEL_EDITOR_TOOLTIP,"<color=#F1DBAE>Редактор Рівнів</color>
Ця опція доступна лише за використання миші та клавіатури"
Consoles/GUI_MAIN_MENU_MODDING_TOOLTIP,"<color=#F1DBAE>Модифікації</color>
Ця опція доступна лише за використання миші та клавіатури"
Consoles/GUI_MAIN_MENU_MULTIPLAYER_HOW_TO_HOST_DESCR_CONSOLE,"<size=+4><sprite name=""Pointer""></size><indent=20>Перебуваючи <color=#F1DBAE>в наявному збереженні гри Gloomhaven</color>, відкрийте меню паузи та виберіть «Мультиплеєр».
</indent>
<size=+4><sprite name=""Pointer""></size><indent=20>Це відкриє панель мультиплеєра, на якій ви можете <color=#F1DBAE>вибрати «Створити сесію»</color>, щоб розпочати мультиплеєрну гру.

</indent>
<size=+4><sprite name=""Pointer""></size><indent=20><color=#F1DBAE>Запросіть друзів</color> зі Steam або надайте їм згенерований код запрошення (для успішного створення сесії необхідно запросити хоча б одного гравця).

</indent>
<size=+4><sprite name=""Pointer""></size><indent=20>При приєднанні до сесії гравцям буде автоматично призначено <color=#F1DBAE>Роль Персонажа</color>. Як хост, ви можете змінити призначення, вибравши Ролі Персонажів на панелі мультиплеєра.

</indent>
<size=+4><sprite name=""Pointer""></size><indent=20>У мультиплеєрі гравці можуть приєднатися на <color=#F1DBAE>Карті Світу або на етапі вибору карт</color> всередині Сценарію.
</indent>"
Consoles/GUI_MAIN_MENU_MULTIPLAYER_HOW_TO_HOST_DESCR_CONTROLLER,"<size=+4><sprite name=""Pointer""></size><indent=20>Перебуваючи <color=#F1DBAE>в наявному збереженні гри Gloomhaven</color>, відкрийте меню паузи та виберіть «Мультиплеєр».
</indent>
<size=+4><sprite name=""Pointer""></size><indent=20>Це відкриє панель мультиплеєра, на якій ви можете <color=#F1DBAE>вибрати «Створити сесію»</color>, щоб розпочати мультиплеєрну гру.

</indent>
<size=+4><sprite name=""Pointer""></size><indent=20><color=#F1DBAE>Запросіть друзів</color> або надайте їм згенерований код запрошення (для успішного створення сесії необхідно запросити хоча б одного гравця).

</indent>
<size=+4><sprite name=""Pointer""></size><indent=20>У мультиплеєрі гравці можуть приєднатися на <color=#F1DBAE>Карті Світу або на етапі вибору карт</color> всередині Сценарію.
</indent>"
Consoles/GUI_MERCHANT_BUY,"Купити"
Consoles/GUI_MERCHANT_INVENTORY_TITLE,"Усі предмети"
Consoles/GUI_MERCHANT_SELL,"Продати"
Consoles/GUI_MP_ALREADY_INVITED,"Вже запрошено"
Consoles/GUI_MULTIPLAYER_CONNECTION_CROSSPLAY_DETECTED,"Виявлено іншу платформу"
Consoles/GUI_MULTIPLAYER_CONNECTION_FAILED_AuthenticationFail,"Необхідна підписка Nintendo Switch Online"
Consoles/GUI_MULTIPLAYER_CONNECTION_FAILED_CrossplayDisabledByClient,"Сесія створена з увімкненим кросплеєм. Будь ласка, переконайтеся, що кросплей увімкнено в меню Налаштування - Загальні"
Consoles/GUI_MULTIPLAYER_CONNECTION_FAILED_CrossplayDisabledByServer,"Вашій платформі заборонено приєднуватися до цієї сесії. Хост повинен мати увімкнену опцію кросплею в меню Налаштування - Загальні"
Consoles/GUI_MULTIPLAYER_CONNECTION_FAILED_CurrentUserBlockedByUserInSession,"Користувач у цій сесії заблокував вас"
Consoles/GUI_MULTIPLAYER_CONNECTION_FAILED_DLCDoNotMatchJotl,"Завантажуваний вміст не знайдено на цьому пристрої:
""Щелепи Лева""
Будь ласка, встановіть необхідні DLC, щоб підключитися до цієї сесії."
Consoles/GUI_MULTIPLAYER_CONNECTION_FAILED_DLCDoNotMatchJotlAndSoloScenarious,"Завантажуваний вміст не знайдено на цьому пристрої:
""Соло-сценарії""
""Щелепи Лева""
Будь ласка, встановіть необхідні DLC, щоб підключитися до цієї сесії."
Consoles/GUI_MULTIPLAYER_CONNECTION_FAILED_DLCDoNotMatchSoloScenarious,"Завантажуваний вміст не знайдено на цьому пристрої:
""Соло-сценарії""
Будь ласка, встановіть необхідні DLC, щоб підключитися до цієї сесії."
Consoles/GUI_MULTIPLAYER_CONNECTION_FAILED_KickedByHost,"Вас вигнав хост сесії"
Consoles/GUI_MULTIPLAYER_CONNECTION_FAILED_MultiplayerValidationFail,"Мультиплеєрні привілеї недоступні"
Consoles/GUI_MULTIPLAYER_CONNECTION_FAILED_NotEnoughMemory,"Недостатньо пам'яті для файлу збереження хоста"
Consoles/GUI_MULTIPLAYER_CONNECTION_FAILED_Reported,"{reporter} додав {reported} до списку блокування"
Consoles/GUI_MULTIPLAYER_CONNECTION_FAILED_SessionCouldNotBeJoined,"Не вдалося приєднатися до сесії"
Consoles/GUI_MULTIPLAYER_CONNECTION_FAILED_SessionShutDown,"Сесію закрито"
Consoles/GUI_MULTIPLAYER_CONNECTION_FAILED_UserInSessionBlockedByCurrentUser,"Користувач у сесії перебуває у вашому списку блокування"
Consoles/GUI_MULTIPLAYER_CROSSPLAY_LOCKED_TOOLTIP,"Сесії з модифікаціями недоступні для кросплею. Вимкніть кросплей в налаштуваннях, щоб створити сесію"
Consoles/GUI_MULTIPLAYER_FRIENDS,"Друзі"
Consoles/GUI_MULTIPLAYER_POPUP_CHARACTER_RETIRED_HEADER,"{0} відправляється на спочинок!"
Consoles/GUI_MULTIPLAYER_POPUP_CHARACTER_RETIRED_MESSAGE,"Особисте завдання {0} виконано:"
Consoles/GUI_MULTIPLAYER_POPUP_CITY_ENCOUNTER_HEADER,"Міська Пригода!"
Consoles/GUI_MULTIPLAYER_POPUP_CITY_ENCOUNTER_MESSAGE,"Вирушайте до Похмурої Гавані:"
Consoles/GUI_MULTIPLAYER_POPUP_QUEST_HEADER,"Хост вибрав завдання!"
Consoles/GUI_MULTIPLAYER_POPUP_QUEST_MESSAGE,"Перейдіть на екран завдань:"
Consoles/GUI_MULTIPLAYER_SELECT_CONTROL_TITLE,"Передати керування"
Consoles/GUI_MULTIPLAYER_TIP_TITLE,"Мультиплеєр"
Consoles/GUI_MULTIPLAYER_USER_AWAY,"Відійшов"
Consoles/GUI_MULTIPLAYER_USER_INGAME,"У грі"
Consoles/GUI_MULTIPLAYER_USER_OFFLINE,"Поза мережею"
Consoles/GUI_MULTIPLAYER_USER_ONLINE,"У мережі"
Consoles/GUI_MULTIPLAYER_VOICE_CHAT,"Голосовий чат"
Consoles/GUI_MULTIPLAYER_VOICE_CHAT_OFF,"Вимк."
Consoles/GUI_MULTIPLAYER_VOICE_CHAT_ON,"Увімк."
Consoles/GUI_MULTIPLAYER_VOICE_PLAYER_MICOPHONE,"Мій мікрофон"
Consoles/GUI_NOTIFICATION_NOT_ENOUGH_MEMORY,"Недостатньо місця для збереження гри"
Consoles/GUI_NOTIFICATION_NOT_ENOUGH_MEMORY_TITLE,"Помилка запису збереження"
Consoles/GUI_NO_DLC_ACTIVATED,"DLC не активовано"
Consoles/GUI_OK,"ОК"
Consoles/GUI_OPT_AUDIO_HAPTIC_HEADER,"Налаштування тактильного відгуку"
Consoles/GUI_OPT_AUDIO_HAPTIC_VIBRATION_EU,"Сила вібрації бездротового контролера"
Consoles/GUI_OPT_AUDIO_HAPTIC_VIBRATION_US,"Сила вібрації бездротового контролера"
Consoles/GUI_OPT_AUDIO_HAPTIC_VOLUME_EU,"Гучність динаміка бездротового контролера"
Consoles/GUI_OPT_AUDIO_HAPTIC_VOLUME_US,"Гучність динаміка бездротового контролера"
Consoles/GUI_OPT_AUDIO_UI,"Гучність інтерфейсу"
Consoles/GUI_OPT_COMBAT_LOG_CROSSPLAY,"Кросплей"
Consoles/GUI_OPT_CONTROL_SCENARIO_TOGGLE_SPEED,"Авто Fast Forward анімацій"
Consoles/GUI_OPT_GENERAL,"Загальні"
Consoles/GUI_OPT_INPUT_DEVICE,"Пристрій введення"
Consoles/GUI_OPT_INVERSE_AXIS,"Інверсія осей"
Consoles/GUI_OPT_STICK_SENSIBILITY,"Чутливість стіків"
Consoles/GUI_OPT_SWITCH_SKIP_AND_UNDO_BUTTONS,"Поміняти місцями кнопки Пропустити/Скасувати"
Consoles/GUI_OPT_VIBRATION,"Вібрація"
Consoles/GUI_PC_GAMEPAD_ADDED_BUTTON,"Продовжити з Мишею/Клавіатурою"
Consoles/GUI_PC_GAMEPAD_ADDED_HEADER,"Виявлено новий пристрій (геймпад)"
Consoles/GUI_PC_GAMEPAD_ADDED_TEXT,"Будь ласка, натисніть будь-яку кнопку на геймпаді, щоб продовжити грати з ним."
Consoles/GUI_PC_GAMEPAD_ADDED_WARNING,"Попередження — вашу сцену незабаром буде перезавантажено."
Consoles/GUI_PC_GAMEPAD_ADDED_WARNING_CLIENT,"Попередження — відключення клієнта"
Consoles/GUI_PC_GAMEPAD_ADDED_WARNING_HOST,"Попередження — відключення хоста"
Consoles/GUI_PC_Gamepad_Gamepad,"Геймпад"
Consoles/GUI_PC_Gamepad_Header_Connected,"Будь ласка, виберіть пристрій введення"
Consoles/GUI_PC_Gamepad_Header_Disconnected,"Ваш геймпад було відключено. Будь ласка, підключіть його знову або перемкніться на введення з миші та клавіатури"
Consoles/GUI_PC_Gamepad_Info_Connected,"Ви можете змінити пристрій введення в меню Налаштування - Керування"
Consoles/GUI_PC_Gamepad_Info_Disconnected,"Ви можете змінити пристрій введення в меню Налаштування - Керування

Перезавантаження сцени триватиме кілька секунд"
Consoles/GUI_PC_Gamepad_Mouse_Keyboard,"Миша + Клавіатура"
Consoles/GUI_PC_PRESS_ENTER,"Натисніть Enter"
Consoles/GUI_PartyProsperity,"Добробут"
Consoles/GUI_QUEST_AVAILABLE_REWARD,"Доступно!"
Consoles/GUI_QUEST_GROUP_CITY_EVENT,"Міська Пригода"
Consoles/GUI_QUEST_SELECTED,"Завдання Вибрано"
Consoles/GUI_REPORT_PLAYER,"Поскаржитися на гравця"
Consoles/GUI_REPORT_SOFTLOCK,"Повідомити про зависання гри"
Consoles/GUI_SELECT_QUEST_HOST_ERROR_TIP,"Зачекайте на інших гравців або поверніться в режим одиночної гри, щоб вибрати завдання"
Consoles/GUI_SEND_ERROR_REPORT,"Надіслати звіт про помилку"
Consoles/GUI_SETTINGS_CONTROLS_ABOUT,"Про гру | Підказки | Приховати UI (УТРИМУВАТИ)"
Consoles/GUI_SETTINGS_CONTROLS_ALL_CARDS,"Усі Карти"
Consoles/GUI_SETTINGS_CONTROLS_ALL_OPTIONS,"Опції | Меню | Пауза"
Consoles/GUI_SETTINGS_CONTROLS_BATTLE_LOG,"Бойовий журнал"
Consoles/GUI_SETTINGS_CONTROLS_HIGHLIGHT,"Підсвітити об'єкти взаємодії (УТРИМУВАТИ)"
Consoles/GUI_SETTINGS_CONTROLS_HOME,"Додому"
Consoles/GUI_SETTINGS_CONTROLS_MERCENARY_CARDS,"Карти найманців"
Consoles/GUI_SETTINGS_CONTROLS_MOVE_CAMERA,"Рух камери | Список рухів"
Consoles/GUI_SETTINGS_CONTROLS_PING_A_TILE,"Позначити гекс"
Consoles/GUI_SETTINGS_CONTROLS_ROTATE_CAMERA,"Повернути камеру"
Consoles/GUI_SETTINGS_CONTROLS_SCREENSHOT,"Знімок екрана | Почати запис"
Consoles/GUI_SETTINGS_CONTROLS_SCREENSHOT_SYSTEM,"Знімок екрана | Почати запис (СИСТЕМНИЙ)"
Consoles/GUI_SETTINGS_CONTROLS_SELECT,"Вибрати | Підтвердити вибір (УТРИМУВАТИ)"
Consoles/GUI_SETTINGS_CONTROLS_SWITCH_CARDS,"Перемкнути карти"
Consoles/GUI_SETTINGS_CONTROLS_SWITCH_ITEMS,"Перемкнути предмети"
Consoles/GUI_SETTINGS_CONTROLS_SWITCH_ITEMS_SECTION,"Перемкнути предмети | Перемкнути розділ"
Consoles/GUI_SETTINGS_CONTROLS_SWITCH_MERCENARY,"Перемкнути найманця"
Consoles/GUI_SETTINGS_CONTROLS_SWITCH_MERCENARY_SELL_BUY,"Перемкнути найманця | Фільтр купця"
Consoles/GUI_SETTINGS_CONTROLS_SWITCH_ROOM,"Перемкнути кімнату"
Consoles/GUI_SETTINGS_CONTROLS_SWITCH_SECTION,"Перемкнути розділ"
Consoles/GUI_SETTINGS_CONTROLS_ZOOM_CAMERA,"Масштабувати камеру | Використовувати прокрутку"
Consoles/GUI_SIGNOUT_CONFIRMATION_MESSAGE,"Ви вийдете зі свого профілю користувача та повернетеся до екрана входу. Бажаєте продовжити?"
Consoles/GUI_SIGNOUT_CONFIRMATION_TITLE,"Попередження"
Consoles/GUI_SIGNOUT_POPUP_MESSAGE,"Вас повернули на початковий екран, оскільки ваш профіль користувача здійснив вихід."
Consoles/GUI_SIGNOUT_POPUP_TITLE,"Попередження"
Consoles/GUI_STREAMING_INSTALL_IN_PROGRESS,"Файли гри завантажуються прямо зараз. Доки завантаження не завершиться, ви можете ознайомитися з правилами та грою, пройшовши Навчання."
Consoles/GUI_SWITCH_PROFILE,"Змінити профіль"
Consoles/GUI_VERSION,"Версія: "
Consoles/GUI_VIEW_PROFILE,"Переглянути профіль"
Consoles/GUI_VOICE_CHAT_HEADER_LABEL,"Голосовий чат"
Consoles/GUI_WAIT_FOR_HOST_TIP,"Зачекайте на хоста"
Consoles/Hatchet_SKIN_ALT,"Альтернативний костюм"
Consoles/INTRO_CITY_QUEST_CONTROLLER,"Ви розблокували міський квест!
Ви можете використовувати {PREVIOUS_SHIELD_TAB} or {NEXT_SHIELD_TAB} щоб оглянути опції міста та скористатися {UI_SUBMIT} щоб вибрати карту міста, або безпосередньо вибрати Похмуру Гавань на Карті Світу, чи вибрати нове завдання в журналі."
Consoles/Intro_Quest_CONTROLLER,"Зараз вдалий час перевірити Карти Здібностей найманців та їхній інвентар, щоб переконатися, що вони готові до бою. В описі квесту ви можете побачити ворогів, з якими зіткнетеся. Перевірте їхні характеристики, натиснувши {MOVE_CAMERA_RIGHT}."
Consoles/LEARN_MORE,"Дізнатися більше"
Consoles/LOADING_TIP_CONSOLE_001,"Намагайтеся приймати шкоду по шкалі здоров'я замість втрати карт – це часто простіше, ніж відновлювати втрачені карти."
Consoles/LOADING_TIP_CONSOLE_002,"Стережіться пасток! Ви можете помітити їхнє періодичне виблискування, що допоможе вам їх знайти."
Consoles/LOADING_TIP_CONSOLE_003,"Ви можете використовувати здібності Поштовху та Притягування, щоб штовхати ворогів на пастки."
Consoles/LOADING_TIP_CONSOLE_004,"Шукайте синергію не лише між власними картами, а й із картами інших членів загону."
Consoles/LOADING_TIP_CONSOLE_005,"Здібності руху у верхній частині карти та здібності атаки в нижній зустрічаються рідко, але можуть бути надзвичайно корисними."
Consoles/LOADING_TIP_CONSOLE_006,"Ви можете налаштувати складність на свій розсуд, якщо вам важко або хочеться виклику."
Consoles/LOADING_TIP_CONSOLE_007,"Подумайте, чи хочете ви діяти рано чи пізно в раунді – іноді вигідно дозволити ворогу підійти до вас першим."
Consoles/LOADING_TIP_CONSOLE_008,"Щоб спожити елементи для посилення здібності, натисніть перемикачі, що з'являються перед підтвердженням цілей для здібності."
Consoles/LOADING_TIP_CONSOLE_009,"Будьте готові до нових ворогів, коли відчиняєте двері до іншої кімнати!"
Consoles/LOADING_TIP_CONSOLE_010,"Виберіть свій загін перед подорожжю – вирушивши в дорогу, ви більше не зможете замінити членів загону."
Consoles/LOADING_TIP_CONSOLE_011,"Для особливо важких завдань у режимі Гільдіймейстера спробуйте спочатку отримати благословення в Храмі."
Consoles/LOADING_TIP_CONSOLE_012,"У завданнях роботи Гільдіймейстера є шанс появи скрині – обов'язково добудьте її перед виконанням цілей сценарію!"
Consoles/LOADING_TIP_CONSOLE_013,"Будьте обережні, екіпіруючи нові предмети – вони прив'яжуться до цього найманця. Вам доведеться заплатити, щоб переодягнути їх на іншого найманця."
Consoles/LOADING_TIP_CONSOLE_014,"Ви можете розблокувати більше типів покращень, виконуючи досягнення, і більше слотів на найманця, досліджуючи карту."
Consoles/LOADING_TIP_CONSOLE_015,"Завдання Подорожей та Роботи Гільдіймейстера масштабуються під час проходження гри. Сюжетні та Релікварні завдання зазвичай складніші!"
Consoles/LOADING_TIP_CONSOLE_016,"Не всі сценарії вимагають убити всіх ворогів для завершення – обов'язково перевіряйте свої цілі."
Consoles/LOADING_TIP_CONSOLE_017,"Союзники можуть допомогти у сценаріях, але часто діють безрозсудно – намагайтеся відволікати атаки від них, щоб зберегти їм життя!"
Consoles/LOADING_TIP_CONSOLE_018,"Якщо ви не впевнені, чи будете діяти раніше чи пізніше, спробуйте вибрати пару карт, які будуть корисні незалежно від черговості ходу."
Consoles/LOADING_TIP_CONSOLE_019,"Слідкуйте за діями ворогів та вивчайте їхні колоди й здібності. Деякі істоти завжди швидкі, інші повільні – використовуйте ці знання собі на користь."
Consoles/LOADING_TIP_CONSOLE_020,"Кожна половина карти, яку ви вибираєте для ходу персонажа гравця, є дією і складається з однієї або кількох здібностей."
Consoles/LOADING_TIP_CONSOLE_021,"Дія певного типу означає, що принаймні одна зі здібностей у ній належить до цього типу. Наприклад, «дія Руху» містить принаймні одну здібність Руху."
Consoles/LOADING_TIP_CONSOLE_022,"Коли ви виконуєте Поштовх/Притягування на X, ви повинні перемістити ціль на всю дальність (якщо перешкоди/персонажі не заважають подальшому руху) або повністю скасувати цей ефект."
Consoles/LOADING_TIP_CONSOLE_023,"Майте на увазі: якщо під час атаки з Перевагою разом із модифікатором перекочування витягнуто промах (x0), промах усе одно буде застосовано!"
Consoles/LOADING_TIP_CONSOLE_024,"Вороги додають +1 до Атаки при нападі на отруєного <sprite name=Poison> персонажа. Здібність Лікування зніме отруєння, але не матиме іншого ефекту."
Consoles/LOADING_TIP_CONSOLE_025,"Рана <sprite name=Wound> змушує персонажа отримувати одну одиницю шкоди на початку кожного його ходу. Здібність Лікування зніме поранення."
Consoles/LOADING_TIP_CONSOLE_026,"Параліч <sprite name=Immobilize> заважає персонажу виконувати будь-які здібності Руху до кінця його наступного ходу."
Consoles/LOADING_TIP_CONSOLE_027,"Роззброєння <sprite name=Disarm> заважає персонажу виконувати будь-які здібності Атаки до кінця його наступного ходу."
Consoles/LOADING_TIP_CONSOLE_028,"Оглушення <sprite name=Stun> заважає персонажу виконувати будь-які дії або використовувати предмети до кінця його наступного ходу."
Consoles/LOADING_TIP_CONSOLE_029,"Оглушені <sprite name=Stun> персонажі все одно мають вибирати карти для свого ходу, але вони просто скидаються. Довгий відпочинок виконується як зазвичай."
Consoles/LOADING_TIP_CONSOLE_030,"Дезорієнтація <sprite name=Muddle> змушує персонажа отримувати Ускладнення на всі атаки до кінця його наступного ходу."
Consoles/LOADING_TIP_CONSOLE_031,"Прокляття <sprite name=Curse> додає карту ПРОКЛЯТТЯ (x0) до колоди модифікаторів атаки цілі. При витягуванні атака не завдає шкоди, а ПРОКЛЯТТЯ вилучається з колоди."
Consoles/LOADING_TIP_CONSOLE_032,"Невидимі <sprite name=Invisible> персонажі не можуть бути обрані як ціль ворогами до кінця їхнього наступного ходу. Монстри ставляться до невидимих персонажів як до перешкод."
Consoles/LOADING_TIP_CONSOLE_033,"Невидимі <sprite name=Invisible> персонажі все одно можуть отримувати нецільову шкоду. Невидимість не впливає на взаємодію із союзниками."
Consoles/LOADING_TIP_CONSOLE_034,"Посилення <sprite name=Strengthen> надає персонажу Перевагу на всі його атаки до кінця його наступного ходу."
Consoles/LOADING_TIP_CONSOLE_035,"Благословення <sprite name=Bless> додає карту БЛАГОСЛОВЕННЯ (x2) до колоди модифікаторів атаки цілі. При витягуванні атака завдає подвійної шкоди, а БЛАГОСЛОВЕННЯ вилучається з колоди."
Consoles/LOADING_TIP_CONSOLE_036,"Монстри ділять одну колоду модифікаторів атаки, тому якщо один монстр отримує Прокляття або Благословення, цей ефект може дістатися іншому монстру при його атаці!"
Consoles/LOADING_TIP_CONSOLE_037,"Зверніть увагу: здібності, що знімають негативні стани, такі як зілля Лікування, не можуть вилучити Прокляття з колоди модифікаторів атаки."
Consoles/LOADING_TIP_CONSOLE_038,"Існує ліміт у 10 Проклять, спільний для колод модифікаторів атаки найманців, і окремий ліміт у 10 Проклять для колоди монстрів. Спроба додати 11-те Прокляття до будь-якої колоди не матиме ефекту!"
Consoles/LOADING_TIP_CONSOLE_039,"Існує спільний ліміт у 10 Благословень для всіх колод модифікаторів атаки. Спроба додати Благословення, коли 10 Благословень уже є в грі, не матиме ефекту!"
Consoles/LOADING_TIP_CONSOLE_040,"Залишилася лише пара скинутих карт? Короткий відпочинок призведе до виснаження; подумайте про Довгий відпочинок і будьте живим щитом!"
Consoles/LOADING_TIP_CONSOLE_041,"Пийте воду!"
Consoles/LOADING_TIP_CONSOLE_042,"Якщо неагресивний персонаж намагається переміститися в певну точку, але шлях заблоковано, цей персонаж не буде рухатися."
Consoles/LOADING_TIP_CONSOLE_043,"Вам вирішувати, мати 2, 3 чи 4 найманців у загоні – складність сценарію масштабується залежно від того, скільки ви візьмете із собою."
Consoles/LOADING_TIP_CONSOLE_044,"Вибір, зроблений під час Дорожніх та Міських подій, може впливати на світ, потенційно відкриваючи нові квести та події."
Consoles/LOADING_TIP_CONSOLE_045,"На відміну від звичайних скринь, ви не зберігаєте квестові предмети, здобуті з Оздоблених Скринь, якщо провалите сценарій."
Consoles/LOADING_TIP_CONSOLE_046,"Прикликаних істот можна викликати лише на порожні гекси – пастки, складна місцевість і навіть золото блокують прикликання!"
Consoles/OVERWRITE_EXISTING_LOCAL_SAVE,"Приватне збереження з таким ім'ям уже існує. Бажаєте перезаписати наявне приватне збереження поточним станом гри?"
Consoles/OVERWRITE_SAVE_BUTTON,"Перезаписати приватне збереження"
Consoles/OVERWRITE_SAVE_TITLE,"Перезаписати приватне збереження"
Consoles/RedGuard_SKIN_ALT,"Альтернативний вигляд"
Consoles/SCENARIO_PUZZLE_4A_03,"До речі, якщо вам важко розгледіти об'єкти та ворогів у хащах, ви можете натиснути {HIGHLIGHT}, щоб підсвітити їх.

Ви також можете побачити порядок ходу монстрів одного класу. Вони отримають однакову <b>ініціативу</b> з карти, витягнутої для їхнього класу, але фактичний порядок для кожного монстра на його ходу визначається їхніми ID-номерами. Монстри з меншими номерами діють першими!"
Consoles/SCENARIO_PUZZLE_5B_ROTATE_MESSAGE,"Я залишу вас, щоб ви добивали решту цих поганців. Чи знали ви, що можна повертати форму Зони Дії, натиснувши {UI_RETRY}?"
Consoles/TUTORIAL_1_ABILITY_CARDS_AVAILABLE_MESSAGE,"У цьому навчанні Дикун має у своєму розпорядженні лише дві карти, як ви можете бачити виділеними ліворуч: <nobr><b><font=""MarcellusAlt SDF""><color=#f5e3b0>Захопити та йти</color></font></b></nobr>, <nobr><b><font=""MarcellusAlt SDF""><color=#f5e3b0>Топтання</color></font></b></nobr>."
Consoles/TUTORIAL_1_ABILITY_CARDS_INFO_MESSAGE,"У <b>Похмурій Гавані</b> ви керуєте загоном найманців, кожен з яких екіпірований колодою <color=#FADC99><b>Карт Здібностей</b></color>. Ці карти — це те, як ваші найманці будуть досліджувати підземелля, битися з ворогами та добувати скарби.

На початку кожного раунду перше, що потрібно зробити, це вибрати дві карти для кожного найманця, які він використає у свій хід."
Consoles/TUTORIAL_1_CLICK_CONFIRM_ATTACK_TITLE,"Натисніть кнопку Підтвердити цілі, щоб атакувати!"
Consoles/TUTORIAL_1_CLICK_CONFIRM_MOVEMENT_TITLE,"Натисніть кнопку Підтвердити рух для продовження"
Consoles/TUTORIAL_1_CLICK_END_SELECTION_TITLE,"Натисніть Завершити вибір для продовження"
Consoles/TUTORIAL_1_CLICK_END_TURN,"Натисніть Завершити хід для продовження"
Consoles/TUTORIAL_1_CLICK_OPEN_DOOR_TITLE,"Натисніть кнопку Відчинити двері, щоб підтвердити рух"
Consoles/TUTORIAL_1_ENEMY_ROUND_INFO_MESSAGE,"Утримуючи вказівник, ви можете побачити наміри Розбійника в цьому раунді: він планує здійснити <color=#FADC99><b>Рух</b></color> та <color=#FADC99><b>Атаку</b></color>!"
Consoles/TUTORIAL_1_ENEMY_ROUND_INFO_MESSAGE_CONTROLLER,"Утримуючи фокус, ви можете побачити наміри Розбійника в цьому раунді: він планує здійснити <color=#FADC99><b>Рух</b></color> та <color=#FADC99><b>Атаку</b></color>!"
Consoles/TUTORIAL_1_FIRST_ENEMY_MESSAGE,"У цій кімнаті знаходиться ваш перший ворог — <color=#C53F3F><b>Розбійник-охоронець</b></color>! Як і персонажі гравців, монстри також вибирають дії на свій хід — давайте дізнаємося, що цей <color=#C53F3F><b>Розбійник</b></color> планує робити в цьому раунді, вибравши його на верхній панелі."
Consoles/TUTORIAL_1_FIRST_ENEMY_MESSAGE_CONTROLLER,"У цій кімнаті знаходиться ваш перший ворог — <color=#C53F3F><b>Розбійник-охоронець</b></color>! Як і персонажі гравців, монстри також вибирають дії на свій хід — давайте дізнаємося, що цей <color=#C53F3F><b>Розбійник</b></color> планує робити в цьому раунді, сфокусувавшись на його портреті на верхній панелі."
Consoles/TUTORIAL_1_GRAB_AND_GO_FINISHED_MESSAGE,"Тепер, коли ви закінчили використання карти <nobr><b><font=""MarcellusAlt SDF""><color=#f5e3b0>Захопити та йти</color></font></b></nobr> у цей хід, вона відправляється в <color=#FADC99><b>скид</b></color> і більше не буде доступною, доки ви не повернете її в руку за допомогою відпочинку — про це пізніше.

А зараз — час для <color=#FADC99><b>Атаки</b></color>!"
Consoles/TUTORIAL_1_HOVER_ENEMY_TITLE,"Виберіть портрет Розбійника в Трекері Ініціативи у верхній частині екрана"
Consoles/TUTORIAL_1_HOVER_ENEMY_TITLE_CONTROLLER,"Наведіть вказівник на портрет Розбійника в Трекері Ініціативи у верхній частині екрана"
Consoles/TUTORIAL_1_INITIATIVE_INFO_MESSAGE,"Бачите, як знак «<b>?</b>» біля портрета Дикуна у верхній частині екрана змінився на число? Це показує його <color=#FADC99><b>ініціативу</b></color>.

Число на <color=#FADC99><b>першій карті, яку ви вибираєте</b></color>, визначає <color=#FADC99><b>ініціативу</b></color> персонажа на цей раунд. Чим менше число, тим раніше в цьому раунді діятиме персонаж."
Consoles/TUTORIAL_1_INITIATIVE_TURN_OF_MOVES_MESSAGE,"Зверніть увагу, що цей <color=#C53F3F><b>Розбійник</b></color> має меншу <color=#FADC99><b>ініціативу</b></color>, ніж <color=#a06e4b><b>Дикун</b></color>, і діяв би раніше за нього в цьому раунді, якби був видимим.

Однак, оскільки зараз хід <color=#a06e4b><b>Дикуна</b></color>, ви закінчите його хід до того, як <color=#C53F3F><b>Розбійник</b></color> зможе почати діяти."
Consoles/TUTORIAL_1_MOVE_CLOSE_MESSAGE,"Давайте підведемо <color=#a06e4b><b>Дикуна</b></color> досить близько, щоб використати <color=#FADC99><b>Атаку</b></color> у верхній половині карти <nobr><b><font=""MarcellusAlt SDF""><color=#f5e3b0>Топтання</color></font></b></nobr> як другу <color=#FADC99><b>дію</b></color> на цей хід!"
Consoles/TUTORIAL_1_MOVE_INFO_MESSAGE,"У цій кімнаті Дикуну більше нічого робити, тому вам потрібно пройти крізь двері за допомогою здібності <color=#FADC99><b>Руху</b></color>, щоб побачити, що лежить попереду.

Нижня половина карти <nobr><b><font=""MarcellusAlt SDF""><color=#f5e3b0>Захопити та йти</color></font></b></nobr> дозволяє Дикуну переміститися на чотири гекси, чого достатньо, щоб пройти крізь двері. Давайте використаємо її!"
Consoles/TUTORIAL_1_SELECT_BANDIX_HEX_TITLE,"Виберіть Розбійника-охоронця як ціль для атаки"
Consoles/TUTORIAL_1_SELECT_BOTTOM_AND_TOP_ACTION_MESSAGE,"...або нижню половину карти <nobr><b><font=""MarcellusAlt SDF""><color=#f5e3b0>Топтання</color></font></b></nobr> та верхню половину карти <nobr><b><font=""MarcellusAlt SDF""><color=#f5e3b0>Захопити та йти</color></font></b></nobr>."
Consoles/TUTORIAL_1_SELECT_BOTTOM_GRAB_AND_GO_TITLE,"Виберіть нижню половину карти «Захопити та йти»"
Consoles/TUTORIAL_1_SELECT_DOOR_HEX_TITLE,"Виберіть виділений гекс дверей"
Consoles/TUTORIAL_1_SELECT_GRAB_AND_GO_TITLE,"Виберіть карту «Захопити та йти»"
Consoles/TUTORIAL_1_SELECT_NEXT_HEX_BANDIT_TITLE,"Виберіть виділений гекс поруч із Розбійником"
Consoles/TUTORIAL_1_SELECT_TOP_AND_BOTTOM_ACTION_MESSAGE,"Наприклад, тут ви можете вибрати або верхню половину карти <nobr><b><font=""MarcellusAlt SDF""><color=#f5e3b0>Топтання</color></font></b></nobr> та нижню половину карти <nobr><b><font=""MarcellusAlt SDF""><color=#f5e3b0>Захопити та йти</color></font></b></nobr>..."
Consoles/TUTORIAL_1_SELECT_TOP_OF_TRAMPLE_TITLE,"Виберіть верхню половину карти «Топтання»"
Consoles/TUTORIAL_1_SELET_TRAMPLE_TITLE,"Виберіть карту «Топтання»"
Consoles/TUTORIAL_1_USE_ACTION_INFO_MESSAGE,"Тепер настала черга <color=#a06e4b><b>Дикуна</b></color>, час вибрати якісь <color=#FADC99><b>дії</b></color>. Кожна половина карти представляє <color=#FADC99><b>дію</b></color>, що складається з однієї або кількох <color=#FADC99><b>здібностей</b></color>.
Ви можете використовувати дві <color=#FADC99><b>дії</b></color> за хід, і можете вибрати будь-яку з чотирьох половин карт ліворуч як свою першу <color=#FADC99><b>дію</b></color> – але зауважте, що потім ви повинні використовувати протилежну сторону іншої карти для другої дії."
Consoles/TUTORIAL_1_VIEW_CONTROLS_MESSAGE,"Перш ніж перейти до дій, ви захочете ознайомитися з тим, як налаштувати вигляд поля бою, тож давайте розберемо керування камерою.
<align=center><b>L-stick</b><color=#CCCCCC> - Панорамування камери</color>
<line-height=20%>
<line-height=100%><b>R-stick вліво/вправо</b><color=#CCCCCC> - Поворот камери вліво/вправо</color>
<line-height=20%>
<line-height=100%><b>R-stick вгору/вниз</b><color=#CCCCCC> - Масштабування камери вгору/вниз

Ви також можете повертати камеру, перетягуючи мишу з утримуваною середньою кнопкою миші.</color></align>

</color>Спробуйте їх зараз і натисніть «Продовжити», коли будете готові рухатися далі."
Consoles/TUTORIAL_1_VIEW_CONTROLS_MESSAGE_CONTROLLER,"Перш ніж перейти до дій, ви захочете ознайомитися з тим, як налаштувати вигляд поля бою, тож давайте розберемо керування камерою.
<align=center><b>L-stick</b><color=#CCCCCC> - Панорамування камери</color>
<line-height=20%>
<line-height=100%><b>R-stick вліво/вправо</b><color=#CCCCCC> - Поворот камери вліво/вправо</color>
<line-height=20%>
<line-height=100%><b>R-stick вгору/вниз</b><color=#CCCCCC> - Масштабування камери вгору/вниз

Ви також можете повертати камеру, перетягуючи мишу з утримуваною середньою кнопкою миші.</color></align>

</color>Спробуйте їх зараз і натисніть «Продовжити», коли будете готові рухатися далі."
Consoles/TUTORIAL_1_WELCOME_MESSAGE,"Вітаємо, гільдіймейстере! Я гільдійний <b>Тренер</b>, і я тут, щоб допомогти вам налаштувати власну гільдію найманців. Давайте почнемо з того, що ви проведете <color=#a06e4b><b>Дикуна</b></color> через це перше навчання."
Consoles/TUTORIAL_2_AVOID_DAMAGE_INFO_MESSAGE,"Маючи лише одне очко здоров'я, будь-яка отримана шкода змусить Дикуна стати <b><color=#FADC99><link=""Glossary_Exhausted"">виснаженим</link></color></b>. Тому вам доведеться уникати будь-якої шкоди, <b><color=#FADC99><link=""Glossary_Lost"">втрачаючи</link></color></b> карти."
Consoles/TUTORIAL_2_BANDIT_DIDNT_DIE_MESSAGE,"Чудова робота, ви не загинули, але метою було вбити <nobr><color=#C53F3F><b>Розбійника-лучника <link=""Glossary_Elite"">Еліту</link></b></color></nobr>. Можливо, є карта здібностей, яку ви могли б використати з <nobr><b><color=#FADC99><link=""Glossary_Attack"">Атакою</link></color></b> <sprite name=Attack></nobr>, яка завдасть достатньо шкоди за один раз? Спробуйте ще раз."
Consoles/TUTORIAL_2_BURN_CARD_TO_AVOID_DAMAGE,"Втратьте карту, щоб уникнути шкоди"
Consoles/TUTORIAL_2_DIDNT_LOOT_CHEST_MESSAGE,"А як щодо того, щоб <nobr><b><color=#FADC99><link=""Glossary_Loot"">добути</link></color></b></nobr> скриню? Це може бути болісно, але наступного разу вам доведеться наступити на ту пастку, щоб дістатися до неї."
Consoles/TUTORIAL_2_DIDNT_LOOT_GOLD_MESSAGE,"Найманці, які залишають золото позаду, зазвичай не досягають особливого успіху; пам'ятайте про те, що потрібно закінчувати хід на золоті, коли є така можливість!"
Consoles/TUTORIAL_2_DIES_TO_TRAP_MESSAGE,"Ой! <color=#FADC99><b>Короткий відпочинок</b></color> чудовий, коли карти потрібні негайно, але в ньому немає компонента лікування, який є в <b><color=#FADC99>Довгому відпочинку</color></b>... Наступного разу обов'язково вибирайте правильний відпочинок!"
Consoles/TUTORIAL_2_DIE_TO_ARCHER_MESSAGE,"Упс. У <b><color=#A06E4B>Дикуна</color></b> залишалося лише одне очко здоров'я, що означає, що ви не могли дозволити собі отримати більше шкоди... Спробуйте ще раз, але цього разу виберіть <b><color=#FADC99><link=""Glossary_Lost"">втратити</link></color></b> одну зі своїх доступних карт, щоб уникнути шкоди."
Consoles/TUTORIAL_2_END_TURN,"Виберіть дію, що залишилася, та пропустіть її, щоб завершити свій хід"
Consoles/TUTORIAL_2_HEAL_BEFORE_MOVE_MESSAGE,"Перш ніж стрімголов кидатися на ту пастку, можливо, ви захочете спочатку трохи підлікуватися. Я б порадив зробити <b><color=#FADC99>Довгий відпочинок</color></b>, який дозволить вам <b><color=#FADC99><link=""Glossary_Heal"">відновити</link></color></b> <b>2</b> очки здоров'я та повернути достатньо скинутих карт, дозволяючи вам витримати <b>2</b> одиниці шкоди від пастки та дістатися скрині."
Consoles/TUTORIAL_2_KILLED_ARCHER_WITH_OA_MESSAGE,"Бабах! <nobr><b><font=""MarcellusAlt SDF""><color=#F5E3B0>Нищівний Штурм</color></font></b></nobr> — потужна карта, але така сила має свою ціну. <b><color=#FADC99><link=""Glossary_Action"">Дії</link></color></b>, подібні до верхньої половини <nobr><b><font=""MarcellusAlt SDF""><color=#F5E3B0>Нищівного Штурму</color></font></b></nobr> із піктограмою палаючої карти в кутку, призводять до того, що карта <b><color=#FADC99><link=""Glossary_Lost"">втрачається</link></color></b> після використання, тобто ви не зможете використати її знову в цьому сценарії. Деякі вороги залишають золото після смерті. Як правило, щоб забрати його, вам потрібно закінчити свій хід на гексі зі стосом золота. Спробуйте зробити це своєю рештою <b>дії!</b>"
Consoles/TUTORIAL_2_MOVE_TO_CHEST,"Перейдіть на скриню та пропустіть решту руху"
Consoles/TUTORIAL_2_MOVE_TO_TRAP,"Перейдіть на пастку та отримайте шкоду"
Consoles/TUTORIAL_2_OBJECTIVE_KILL_ARCHER_WITH_SINGLE_ATTACK,"Убийте Лучника однією Атакою"
Consoles/TUTORIAL_2_OBJECTIVE_LONG_REST,"Виконайте Довгий відпочинок"
Consoles/TUTORIAL_2_OBJECTIVE_LOOT_CHEST,"Добудьте скриню"
Consoles/TUTORIAL_2_OBJECTIVE_LOOT_GOLD,"Добудьте золото Лучника"
Consoles/TUTORIAL_2_REMAINING_ACTIONS_MESSAGE,"Гарна робота! Як бачите, ви можете використовувати лише частину своєї дії та пропускати решту частин, якщо не хочете їх використовувати!"
Consoles/TUTORIAL_2_SELECT_DISCARDED_CARD_TO_BURN,"Виберіть скинуту карту для втрати"
Consoles/TUTORIAL_2_SELECT_GRAB_AND_GO,"Виберіть «Захопити та йти»"
Consoles/TUTORIAL_2_SELECT_OVERWHELMING_ASSAULT,"Виберіть «Нищівний Штурм»"
Consoles/TUTORIAL_2_TAKE_LOOT_OBJECTIVE_MESSAGE,"Коли ворогів не залишилося, а ваші цілі виконані, сценарій зазвичай вже закінчився б, залишаючи скриню позаду. Проте для навчання я поставлю вам ще одне завдання: <b><color=#FADC99><link=""Glossary_Loot"">Добудьте</link></color></b> скриню!"
Consoles/TUTORIAL_2_UNABLE_TO_LOOT_MESSAGE,"Вам потрібно мати можливість переміститися на золото, щоб <nobr><b><color=#FADC99><link=""Glossary_Loot"">добути</link></color></b> <sprite name=Loot></nobr> його після вбивства <b><color=#C53F3F>Лучника</color></b>. Можливо, є карта здібностей, яку ви могли б використати з <nobr><b><color=#FADC99><link=""Glossary_Attack"">Атакою</link></color></b> <sprite name=Attack></nobr>, яка завдасть достатньо шкоди одним ударом? Спробуйте ще раз."
Consoles/TUTORIAL_2_VICTORY_MESSAGE,"Оо, ці <font=""MarcellusAlt SDF""><b><color=#F8F8F8>Черевики Великого Кроку</color></b></font> стануть у пригоді наступного разу, коли вам знадобиться трохи більше мобільності. Гаразд, переходимо до наступної частини вашого навчання!"
Consoles/TUTORIAL_2_WELCOME_MESSAGE,"Вітаємо у вашій першій навчальній місії! Ви вивчили основи, але тепер ви повинні допомогти важкопораненому <color=#A06E4B><b>Дикуну</b></color> впоратися з <nobr><color=#C53F3F><b>Розбійником-лучником <link=""Glossary_Elite"">Елітою</link></b></color></nobr> — сильнішим ворогом з більшими характеристиками, ніж зазвичай!"
Consoles/TUTORIAL_3_PRESS_SKIP_MOVEMENT,"Натисніть Пропустити рух, щоб завершити свій хід"
Consoles/TUTORIAL_3_SELECT_LEAPING_CLEAVE,"Виберіть «Стрибок із Розсіканням»"
Consoles/TUTORIAL_3_SELECT_PROVOKING_ROAR,"Виберіть «Провокаційний Рик»"
Consoles/TUTORIAL_3_USE_BOOTS_OF_STRIDING,"Скористайтеся «Черевиками Великого Кроку» для додаткового руху"
Consoles/UGC_DISABLED_CONNECTION_MESSAGE,"Наразі вам заборонено переглядати вміст, створений іншими користувачем, гра буде названа як «Збереження»."
Consoles/UGC_DISABLED_START_SESSION_MESSAGE,"Наразі вам заборонено переглядати вміст, створений іншими користувачами."
Consoles/Voidwarden_SKIN_ALT,"Альтернативний вигляд"
