Keys,"Українська [ua-UA]"
002_T,"Отримайте <sprite name=XP1> за кожну ВІДПЛАТУ <nobr>цього раунду.</nobr>"
004_B,"Якщо в цьому раунді ваш союзник на сусідній клітці стає метою атаки будь-якого ворога, замість цього ви стаєте метою цієї атаки, незалежно від її ДАЛЬНОСТІ."
007_B,"У наступних 6 випадках отримання шкоди від атак, націлених на вас, отримуйте властивість <nobr>ЩИТ <sprite name=Shield> *BShield*</nobr>"
013_B,"У цьому раунді додавайте <nobr>+1 АТАКА <sprite name=Attack></nobr> до всіх ваших атак."
015_B,"У наступних 3 випадках отримання вами шкоди замість цього не отримуйте шкоди."
016_B,"Якщо ви пересунулися по прямій лінії, виконайте дію"
022_T,"Убийте одного звичайного ворога, що перебуває на сусідній клітці, у стані ""<nobr>ОГЛУШЕННЯ <sprite name=Stun></nobr>""."
023_B,"Ви можете вважати всі дії ""<nobr>РУХ <sprite name=Move></nobr>"" діями ""<nobr>АТАКА <sprite name=Attack></nobr>"" з тими ж показниками."
026_B,"Додайте +3 <nobr>АТАКА <sprite name=Attack></nobr> до всіх ваших атак, спрямованих на ворогів із <nobr>РОЗЗБРОЄННЯМ <sprite name=Disarm></nobr>, <nobr>ПАРАЛІЧЕМ <sprite name=Immobilize></nobr> або <nobr>ОГЛУШЕННЯМ <sprite name=Stun></nobr> цього раунду."
030_T_1,"Створіть одну пошкоджувальну пастку (6 шкоди) на сусідній порожній клітині."
030_T_2,"Отримайте <sprite name=XP2>, коли ця пастка спрацює на ворога."
031_T,"ПРИКЛИКАТИ приманку"
037_B,"Один союзник на сусідній клітці може ВІДНОВИТИ <sprite name=Recover> усі карти зі своєї стопки ""Скидання""."
040_B,"У цьому раунді ви разом з усіма союзниками на сусідніх клітинах додаєте <nobr>+1 АТАКА <sprite name=Attack></nobr> до всіх ваших атак."
043_B_1,"Один союзник у межах <nobr>ДАЛЬНОСТІ <sprite name=Range> 2</nobr> може ВІДНОВИТИ <sprite name=Recover> 1 карту зі своєї стопки ""Скидання""."
043_B_2,"Замість цього він може ВІДНОВИТИ <sprite name=Recover> не більше 2 карт зі своєї стопки ""Скидання""."
043_T,"Створіть одну ушкоджувальну пастку (2 шкоди) з ефектом ""<nobr>ОТРУЄННЯ <sprite name=Poison></nobr>"" на сусідній порожній клітині."
044_T,"Під час ваших наступних 4 здібностей лікування додавайте <nobr>+2 ЛІКУВАННЯ <sprite name=Heal></nobr> до всіх дій лікування."
045_B,"Один союзник у межах <nobr>ДАЛЬНОСТІ <sprite name=Range> 3</nobr> може ВІДНОВИТИ <sprite name=Recover> 1 карту зі своєї стопки ""Втрати""."
047_B,"Створіть одну пастку з ефектом ""<nobr>ОГЛУШЕННЯ <sprite name=Stun></nobr>"" на сусідній порожній клітині."
049_T,"ПРИКЛИКАТИ Бойового робота"
051_T,"Один союзник на сусідній клітині може <nobr>ВІДНОВИТИ <sprite name=Refresh></nobr> 1 свою витрачену карту <sprite name=InvSmallItem>."
052_T_1,"Убийте всіх ворогів у цільовій ЗОНІ, у яких поточна кількість ОЗ <nobr>менше або дорівнює 5</nobr>."
052_T_2,"Отримайте <sprite name=XP1> за кожного вбитого ворога."
053_B,"Наприкінці наступних ваших 4 ходів один союзник у межах <nobr>ДАЛЬНОСТІ <sprite name=Range> 3</nobr> може ВІДНОВИТИ <sprite name=Recover> 1 карту зі своєї стопки ""Скидання""."
053_T,"Створіть одну ушкоджувальну пастку (4 шкоди) з ефектом ""<nobr>СУМ\'ЯТТЯ <sprite name=Muddle></nobr>"" на сусідній порожній клітині."
054_T,"Наприкінці ваших наступних 5 ходів виконуйте дію ""<nobr>АТАКА <sprite name=Attack>2,</nobr> <nobr>ДАЛЬНІСТЬ <sprite name=Range>5</nobr>""."
055_T,"ПРИКЛИКАТИ Робота-вбивцю"
057_T,"Усі покликані союзники в межах <nobr>ДАЛЬНОСТІ <sprite name=Range> 3</nobr> <nobr>можуть виконати</nobr>."
058_B_1,"У цьому раунді всі союзники на сусідніх клітинах додають <nobr>+2 АТАКА <sprite name=Attack></nobr> до всіх своїх атак."
058_B_2,"Усі союзники на сусідніх клітинах отримують по 2 шкоди."
058_T,"Отримайте 2 шкоди"
060_B,"Один союзник у межах ДАЛЬНОСТІ <nobr><sprite name=Range> 3</nobr> може вибрати будь-яку неспоряджену карту свого класу рівня, що менший або дорівнює його рівню, і додати її в свою руку. Цей ефект зберігається до кінця сценарію."
060_T,"Один союзник на сусідній клітці може ВІДНОВИТИ <sprite name=Recover> не більше 2 карт зі своєї стопки ""Втрати"", а потім покласти 2 карти в стопку ""Втрати""."
062_T,"Додатково цілями стають усі вороги <nobr>на шляху</nobr> до основної мети."
063_T,"вІДНОВИТИ <sprite name=Recover> усі ваші <nobr>втрачені карти.</nobr>"
066_B,"У наступних 2 випадках отримання вами шкоди замість цього <nobr>не отримуйте шкоди</nobr>"
069_T_1,"Під час ваших наступних 4 атак <nobr>додавайте +*TActive* АТАКА <sprite name=Attack>.</nobr>"
069_T_1_Alt,"Під час ваших наступних 4 атак <nobr>додавайте +2 АТАКА <sprite name=Attack>.</nobr>"
069_T_2,"Замість цього додавайте <nobr>+2 АТАКА <sprite name=Attack>.</nobr>"
071_T,"ПРИКЛИКАТИ загадкового компаньйона"
076_B_1,"тут Х - половина максимальної кількості ОЗ цього союзника <nobr>(з округленням донизу).</nobr>"
076_B_2,"Замість цього X - максимальна кількість ОЗ цього союзника."
079_B,"Для наступних 5 ближніх атак, націлених на вас, отримуйте властивість ""<nobr>ВІДПЛАТА <sprite name=Retaliate> *BRetaliate*.</nobr>"
080_B,"ПРИКЛИКАТИ Палаючого аватара"
080_T,"Усі вороги на сусідніх із ЦІЛЛЮ клітинах <nobr>отримують 2 шкоди</nobr>, <sprite name=XP1>."
082_T,"ВІДНОВИТИ <sprite name=Recover> не більш ніж 2 карти з вашої стопки <nobr>Втрати.</nobr>"
084_T_1,"Замість цього ""ЗДОБИЧ <sprite name=Loot> 3"", <sprite name=XP1>."
084_T_2,"Ви не можете добути більше 4 монет або жетонів скарбів за допомогою цієї дії."
085_B,"У наступних 3 випадках отримання шкоди від атак, націлених на вас, замість шкоди отримуйте властивість ""<nobr>ВІДПЛАТА <sprite name=Retaliate> 3,</nobr> <nobr>ДАЛЬНІСТЬ <sprite name=Range> 3. </nobr>"
086_B_1,"Виберіть клітинку в межах <nobr>ДАЛЬНОСТІ <sprite name=Range> 4.</nobr>"
086_B_2,"(Цілі: всі вороги в межах <nobr>ДАЛЬНОСТІ <sprite name=Range> 4</nobr> від обраної клітини, до якої вони і притягуються)"
087_T_1,"(Цілі: всі вороги в одній з вами кімнаті)"
087_T_2,"Усі союзники в одній із вами кімнаті отримують по 2 шкоди."
088_B,"Під час ваших наступних 4 атак, націлених на ворогів, що знаходяться на клітинах, які не є сусідами з жодним із їхніх союзників, додавайте <nobr>+2 АТАКА <sprite name=Attack>.</nobr>"
088_T,"Додайте <nobr>+2 АТАКА <sprite name=Attack></nobr> і отримайте <sprite name=XP1>, якщо ЦІЛЬ перебуває на сусідній з <nobr>вашим союзником</nobr> клітині."
090_T,"Під час вашої наступної атаки в стані ""<nobr>НЕВИДИМІСТЬ <sprite name=Invisible></nobr>"", подвійте показник цієї атаки, <sprite name=XP2>."
091_T,"Додайте <nobr>+2 АТАКА <sprite name=Attack></nobr> та отримайте <sprite name=XP1>, якщо ЦІЛЬ перебуває в клітці, що не є сусідньою з жодним із її союзників."
092_T,"Знешкодьте 1 пастку, що знаходиться на сусідній клітці."
097_B_1,"Примусьте одного ворога на сусідній клітині виконати під вашим управлінням дію"
097_B_2,"воно має закінчитися на сусідній із вами клітці."
097_T_1,"Додайте <nobr>+1 АТАКА <sprite name=Attack></nobr> за кожного вашого союзника на сусідній з ЦІЛЛЮ клітині."
097_T_2,"Замість цього додайте <nobr>+2 АТАКА <sprite name=Attack></nobr> за кожного вашого союзника на сусідній з ЦІЛЛЮ клітині, <sprite name=XP1>."
098_B,"Коли наступного разу ви повинні будете отримати шкоду в цьому раунді, замість цього не отримуйте шкоди."
098_T,"Додайте <nobr>+X АТАКА <sprite name=Attack></nobr>, де Х - подвоєний показник властивості ""<nobr>ЩИТ <sprite name=Shield></nobr>"" ЦІЛІ."
099_B,"Виконуйте дію ""ЗДОБИЧ <sprite name=Loot>"" на кожній клітині, на яку ви пересунетеся цією дією."
100_T,"Додайте ефект ""<nobr>РАНА <sprite name=Wound></nobr>"" і отримайте <sprite name=XP1>, якщо ЦІЛЬ перебуває на сусідній з вашим союзником клітині."
103_B,"У цьому раунді додавайте <nobr>+2 АТАКА <sprite name=Attack></nobr> до всіх ваших атак, націлених на ворогів, які перебувають на клітинах, що не є сусідами з жодним із їхніх союзників."
104_B,"У цьому раунді отримуйте Перевагу в усіх ваших атаках."
105_T_1,"Додайте <nobr>+3 АТАКА <sprite name=Attack> </nobr> і отримайте <sprite name=XP1>, якщо ЦІЛЬ розташована на сусідній з одним із ваших <nobr>союзників</nobr> клітині."
105_T_2,"Додайте <nobr>+3 АТАКА <sprite name=Attack> </nobr> і отримайте <sprite name=XP1>, якщо ЦІЛЬ перебуває на клітці, що не є сусідньою з жодним з її <nobr>її союзників.</nobr>"
106_B,"Під час ваших наступних шести атак, спрямованих на ворогів із <nobr>РОЗЗБРОЄННЯМ <sprite name=Disarm></nobr>, <nobr>ПАРАЛІЧЕМ <sprite name=Immobilize></nobr> або <nobr>ОГЛУШЕННЯМ <sprite name=Stun></nobr>, <nobr>додайте +2 АТАКА <sprite name=Attack>.</nobr>"
107_T,"Убийте одного звичайного ворога, що перебуває на клітці, сусідній з вами і <nobr>вашим союзником,</nobr> але не сусідній з жодним із його союзників."
108_T,"Додавайте <nobr>+2 АТАКА <sprite name=Attack></nobr> до всіх ваших атак, націлених на ворогів у стані ""<nobr>ОТРУЄННЯ <sprite name=Poison>"".</nobr>"
110_T,"Додайте <nobr>+4 АТАКА <sprite name=Attack></nobr> й отримайте <sprite name=XP2>, якщо ЦІЛЬ перебуває на сусідній із вашим союзником клітині."
111_B,"Під час вашої наступної атаки, націленої на ворога, що перебуває на клітці, сусідній з вашим союзником, але не сусідній з жодним з його союзників, подвійте показник цієї атаки. <sprite name=XP2>."
111_T,"Знешкодьте одну пастку, що перебуває на сусідній клітині. Виберіть як ЦІЛЬ одного ворога в межах <nobr>ДАЛЬНОСТІ <sprite name=Range> 3</nobr> і застосуйте до нього ефект <nobr>знешкодженої пастки.</nobr>."
113_B,"Убийте одного ворога, що перебуває на сусідній клітині, у якого поточна кількість ОЗ менша або дорівнює 3."
114_B,"Примусьте одного звичайного або елітного ворога на сусідній клітці зробити свій хід у цьому раунді під вашим управлінням, вважаючи всіх його союзників ворогами, а його ворогів - союзниками."
115_T,"Додавайте ефекти ""<nobr>ОТРУЄННЯ <sprite name=Poison></nobr>"" і ""<nobr>РАНА <sprite name=Wound></nobr>"" до всіх ваших атак."
116_B,"Для наступних 6 ближніх атак, націлених на вас, отримуйте властивість ""<nobr>ВІДПЛАТА <sprite name=Retaliate> *BRetaliate*.</nobr>"
118_B,"Створіть на порожніх сусідніх із вами клітинах 2 перешкоди, кожна з яких складається з 1 клітини."
119_B,"Усі вороги і союзники на сусідніх клітинах отримують по *BDamage* шкоди."
120_T,"Усі вороги і союзники на сусідніх із ЦІЛЛЮ клітинах отримують по 1 шкоду."
121_T,"Для ваших наступних 4 здібностей дальньої атаки отримуйте ефект ""ДОДАТИ ЦІЛЬ <sprite name=Target>""."
122_T,"Знищіть 1 перешкоду, що знаходиться на сусідній клітині."
123_B,"Усі союзники отримують <nobr>по *BShieldSubDamage* шкоду.</nobr>"
123_T_2,"Усі сусідні союзники отримують <nobr>*TDamage* шкоди.</nobr>"
124_B_1,"Усі вороги і союзники на сусідніх клітинах отримують <nobr>по *BDamage1* шкоди</nobr>."
124_B_2,"Усі вороги і союзники на сусідніх клітинах отримують <nobr>по *BDamage2* шкоди</nobr>."
124_B_3,"<nobr>замість цього вони отримують по 2 шкоди, <sprite name=XP1></nobr>"
125_T,"усі вороги і союзники в цільовій ЗОНІ отримують ефект ""<nobr>СУМ\'ЯТТЯ <sprite name=Muddle></nobr>""."
127_B,"У цьому раунді додавайте <nobr>+1 АТАКА <sprite name=Attack></nobr> до всіх ваших дальніх атак."
127_T,"Ви можете відштовхувати ЦІЛЬ на клітини з перешкодами, які при цьому знищуються. За кожну знищену перешкоду ЦІЛЬ отримує 2 шкоди, а ви отримуєте <sprite name=XP1>."
128_B,"У цьому раунді додавайте <nobr>+2 АТАКА <sprite name=Attack></nobr> до всіх ваших ближніх атак."
129_B,"Під час наступних 6 здібностей дальньої атаки, за яких стихія <sprite name=Air> сильна або середня, використовуйте <sprite name=ConsumeAir>, щоб додати <nobr>+2 ДАЛЬНІСТЬ <sprite name=Range>.</nobr>"
130_T,"Цілі: всі вороги на сусідніх зі знищеною перешкодою клітинах"
131_T,"На всіх союзників у цільовій ЗОНІ"
132_B,"Знищуйте всі перешкоди та знешкоджуйте всі пастки на клітинах, через які ви пересуваєтеся."
132_T_1,"Пересуньте 1 перешкоду, що знаходиться на сусідній клітині та складається з 1 клітини, на порожню клітину в межах <nobr>ДАЛЬНОСТІ <sprite name=Range> 4</nobr>."
132_T_2,"Цілі: всі вороги на сусідніх із пересунутою перешкодою клітинах"
134_T_1,"Створіть 3 перешкоди, що складаються з 1 клітинки, на порожніх клітинах у межах <nobr>ДАЛЬНОСТІ <sprite name=Range> 4</nobr>."
134_T_2,"Усі вороги і союзники на клітинах, сусідніх хоча б з однією зі створених перешкод, отримують по 2 шкоди."
136_T_1,"Убийте одного звичайного ворога, що перебуває в межах <nobr>ДАЛЬНОСТІ <sprite name=Range> 4.</nobr>"
136_T_2,"Створіть на клітині, на якій було вбито цього ворога, 1 перешкоду, що складається з 1 клітини."
137_B,"Під час наступних ваших 4 ближніх атак, коли це можливо, знищуйте перешкоду на сусідній клітині, щоб додати <nobr>+3 АТАКА <sprite name=Attack></nobr>."
138_T,"Створіть 1 пошкоджувальну пастку (2 шкоди) з ефектом ""<nobr>ОГЛУШЕННЯ <sprite name=Stun></nobr>"" на сусідній порожній клітині."
139_T,"Усі вороги і союзники в цільовій ЗОНІ отримують стан ""<nobr>ПАРАЛІЧ <sprite name=Immobilize></nobr>""."
140_T_1,"Створіть 1 трикутну перешкоду, що складається з 3 клітин, на порожніх клітинах у межах <nobr>ДАЛЬНОСТІ <sprite name=Range> 3</nobr>."
140_T_2,"Цілі: усі вороги на сусідніх із перешкодою клітинах"
141_B_1,"У цьому раунді додавайте <nobr>+1 АТАКА <sprite name=Attack></nobr> до всіх ваших дальніх атак."
141_B_1_Alt,"У цьому раунді додавайте <nobr>+2 АТАКА <sprite name=Attack></nobr> до всіх ваших дальніх атак."
141_B_2,"Замість цього додавайте <nobr>+2 АТАКА <sprite name=Attack></nobr>, <sprite name=XP1>."
141_T,"За кожну клітину, через яку ви не можете відштовхнути ЦІЛЬ через стіну або перешкоду, ЦІЛЬ отримує 2 шкоди, а ви отримуєте <sprite name=XP1>."
142_B,"Цей РУХ має закінчитися на клітці, сусідній із перешкодою."
142_T_1,"Знищіть усі перешкоди в межах <nobr>ДАЛЬНОСТІ <sprite name=Range> 2.</nobr>."
142_T_2,"тут Х - подвоєна кількість клітин, яку займали знищені перешкоди."
143_B,"На початку ваших наступних п’яти ходів виконайте дію <nobr>«ЛІКУВАННЯ <sprite name=Heal> 2,</nobr> <nobr>ДАЛЬНІСТЬ <sprite name=Range> 2».</nobr>"
144_B,"Усі вороги і союзники на клітинах, сусідніх з будь-якими клітинами, на які ви пересувалися під час цього руху, отримують по <nobr>2 шкоди</nobr>."
144_T,"Усі вороги і союзники на сусідніх з ЦІЛЛЮ клітинах отримують шкоду, що дорівнює шкоді, яку отримала ЦІЛЬ."
145_T,"Ви можете відштовхувати ЦІЛЬ на клітини з перешкодами, які при цьому знищуються. За кожну знищену перешкоду ЦІЛЬ отримує 2 шкоди, а ви отримуєте <sprite name=XP1>."
146_B_1,"Примусьте одного ворога в межах <nobr>ДАЛЬНОСТІ <sprite name=Range> 5 </nobr> виконати дію"
146_B_2,"ЦІЛЬ: інший ворог у межах ДАЛЬНОСТІ цього ворога"
146_T,"Додайте <nobr>+1 АТАКА <sprite name=Attack></nobr> за кожен жетон негативного стану на ЦІЛІ."
149_B,"Якщо завершили РУХ в початковій клітинці, виконайте"
150_T,"ПРИКЛИКАТИ Зграю щурів"
152_B,"Змусити одного ворога в межах <nobr>ДАЛЬНОСТІ <sprite name=Range> 4</nobr> виконати"
154_T,"Додайте <nobr>+2 АТАКА <sprite name=Attack></nobr> і отримайте <sprite name=XP1> за кожен жетон негативного стану в ЦІЛІ."
157_B,"Один союзник у межах <nobr>ДАЛЬНОСТІ <sprite name=Range> 3</nobr> може <nobr>виконати дію</nobr>."
157_T,"Один союзник на сусідній клітині може виконати дію"
159_T,"ПРИКЛИКАТИ Величезного щура"
160_B,"Примусьте одного звичайного або елітного ворога в межах <nobr>ДАЛЬНОСТІ <sprite name=Range> 3</nobr> зробити свій хід у цьому раунді, вважаючи всіх його союзників ворогами, а всіх його ворогів - союзниками."
163_T,"Отримати 1 додатковий жетон монет за кожного ворога, що знаходиться на сусідній клітині."
164_T_1,"Убийте одного звичайного ворога в межах <nobr>ДАЛЬНОСТІ <sprite name=Range> 4.</nobr>."
164_T_2,"Цілі: всі вороги на сусідніх з убитим ворогом клітинах"
165_B,"У вас можуть бути одночасно 2 діючі здібності з атрибутом ""<nobr><color=#A7B3D2>Аугмент</color> <sprite name=Augment></nobr>"". Якщо ви застосуєте третю здатність з атрибутом <nobr><color=#A7B3D2>Аугмент</color> <sprite name=Augment></nobr>, скиньте одну з попередніх."
166_B,"Змусьте одного ворога в межах <nobr>ДАЛЬНОСТІ <sprite name=Range> 5 </nobr> виконати"
170_B,"У цьому раунді всі ваші дальні атаки отримують ефекти ваших діючих здібностей з атрибутом ""<nobr><color=#A7B3D2>Аугмент</color> <sprite name=Augment></nobr>""."
172_B,"Примусьте одного звичайного або елітного ворога в межах <nobr>ДАЛЬНОСТІ <sprite name=Range> 5</nobr> здійснити свій хід у цьому раунді під вашим управлінням, вважаючи всіх його союзників ворогами, а всіх його ворогів - союзниками."
172_T,"Ця АТАКА отримує ефекти ваших діючих здібностей з атрибутом ""<nobr> <color=#A7B3D2>Аугмент</color> <sprite name=Augment>""</nobr>."
173_B,"У цьому раунді всі союзники в межах <nobr>ДАЛЬНОСТІ <sprite name=Range> 2</nobr> додають <nobr>+X </nobr> до всіх своїх атак, де Х - кількість ваших союзників у межах <nobr>ДАЛЬНОСТІ <sprite name=Range> 2</nobr> від вас."
173_T_1,"ПРИКЛИКАТИ щурячого короля"
173_T_2,"Х - половина поточної кількості ОЗ <nobr>Щурячого короля</nobr> (з округленням угору)"
175_T,"Для наступних 5 ближніх атак, націлених на вас, отримуйте властивість <nobr>ВІДПЛАТА <sprite name=Retaliate> *TRetaliate*.</nobr>"
177_T,"Один союзник на сусідній клітці може <nobr>ВІДНОВИТИ <sprite name=Recover></nobr> 1 карту зі своєї стопки ""Втрати""."
178_T_1,"Один союзник на сусідній клітці може <nobr>ВІДНОВИТИ <sprite name=Recover></nobr> не більш ніж 2 карти зі своєї стопки ""Скидання""."
178_T_2,"Замість цього він може відновити не більше 3 карт зі стопки ""Скидання"", <sprite name=XP1>."
179_B,"У цьому раунді ви разом з усіма союзниками на сусідніх клітинах не отримуєте шкоди для однієї атаки"
184_B,"Віднімайте 1 <sprite name=Move> з усіх ваших дій руху."
185_T,"Вилікуйте всю шкоду в одного союзника на сусідній клітині."
187_B,"<line-height=110%>у кінці ваших наступних 5 ходів, у яких стихія <size=150%><voffset=-3><sprite name=Light></voffset></size> не має сильного заряду, підвищуйте заряд <size=150%><voffset=-3><sprite name=Light></voffset></size>."
190_T,"Один союзник на сусідній клітці може негайно зробити один додатковий хід, розігравши 2 карти з руки."
192_B,"Усі союзники в межах <nobr>ДАЛЬНОСТІ <sprite name=Range> 5</nobr> можуть виконати дію"
194_B,"У цьому раунді всі атаки, націлені на вас або на будь-якого союзника в межах <nobr>ДАЛЬНОСТІ <sprite name=Range> 4</nobr> від вас, проводяться зі УСКЛАДНЕННЯм."
196_T,"Віднімайте <nobr> 1 <sprite name=Attack></nobr> з усіх ваших атак."
197_B,"У цьому раунді всі союзники додають <nobr>+2 РУХ <sprite name=Move></nobr> до всіх своїх дій руху."
197_T,"У цьому раунді всі союзники додають <nobr>+1 АТАКА <sprite name=Attack></nobr> до всіх своїх атак."
199_T,"Під час будь-якої вашої здатності атаки ви можете використовувати <sprite name=ConsumeLight>, щоб додати ефект <nobr>+2 АТАКА <sprite name=Attack> </nobr>, Перевагу і отримати <sprite name=XP1>."
200_B,"Замість цього він може ВІДНОВИТИ <sprite name=Recover> не більше 2 карт зі своєї стопки ""Втрати"", <sprite name=XP1>"
202_T,"Замість цього вбийте одну ЦІЛЬ цієї атаки, якщо це звичайний або потужний ворог, <sprite name=XP1>"
203_T,"Під час ваших наступних 4 здібностей атаки додавайте ефект <nobr>+3 АТАКА <sprite name=Attack></nobr>, ""<nobr>РАНА <sprite name=Wound></nobr>"", і Перевага до всіх атак здатності."
204_T,"Коли будь-який союзник отримує шкоду, ви можете замість нього отримати цю шкоду, зменшену на 1."
205_T,"Усі союзники в межах <nobr> ДАЛЬНОСТІ <sprite name=Range> 2</nobr> <nobr>розгортають <sprite name=Refresh> 1</nobr> свою повернуту або витрачену карту предмета."
206_B,"<nobr>розгорніть <sprite name=Refresh></nobr> усі ваші витрачені карти <nobr><sprite name=InvSmallItem></nobr>."
207_B,"Ви разом з усіма союзниками в межах ДАЛЬНОСТІ <nobr><sprite name=Range> 2</nobr> додаєте <nobr>+1 АТАКА <sprite name=Attack></nobr> до всіх ваших атак у цьому раунді."
208_T,"Один раз за кожну вашу здатність атаки, якщо ви використовуєте предмет, додайте <nobr>+1 АТАКА <sprite name=Attack></nobr> до всіх атак цієї здатності."
215_T,"<nobr>розгорніть <sprite name=Refresh></nobr> вашу витрачену карту <nobr>малого предмета <sprite name=InvSmallItem></nobr>."
216_T,"Один союзник на сусідній клітині може <nobr>ВІДНОВИТИ <sprite name=Refresh></nobr> усі свої повернуті карти предметів."
217_B,"<nobr>верніть на руку <sprite name=Recover></nobr> не більш ніж 2 карти з вашої стопки ""Скидання""."
217_T,"Ви або один союзник на сусідній клітині можете <nobr>ВІДНОВИТИ <sprite name=Refresh></nobr> свою розгорнуту або витрачену карту <nobr><sprite name=InvOneHand> або <sprite name=InvTwoHands></nobr>."
219_B,"<nobr>верніть на руку <sprite name=Recover></nobr> не більш ніж 2 карти з вашої стопки ""Втрати""."
219_T,"Наприкінці кожного вашого ходу ви можете скинути 1 карту, щоб дозволити союзнику на сусідній клітині <nobr>ВІДНОВИТИ <sprite name=Refresh></nobr> 1 свою витрачену карту <sprite name=InvSmallItem>."
221_T,"Один союзник на сусідній клітці може <nobr>ВІДНОВИТИ <sprite name=Refresh></nobr> усі свої повернуті та витрачені карти предметів."
223_T,"Наприкінці кожного раунду <nobr>розгортайте <sprite name=Refresh></nobr> 1 вашу повернуту карту предмета."
224_T,"Ви разом з усіма ворогами <nobr> у межах ДАЛЬНОСТІ <sprite name=Range> 4</nobr> отримуєте по 2 шкоди."
225_B,"Ви разом з усіма звичайними ворогами в цільовій ЗОНІ отримуєте по 7 шкоди."
226_T,"Якщо будь-який союзник поруч виконує дію дальньої атаки, цей союзник отримує <nobr>ДОДАТКОВУ ЦІЛЬ<sprite name=Target></nobr> для цієї атаки."
228_B,"Один будь-який союзник може <nobr>ВІДНОВИТИ <sprite name=Recover></nobr> всі карти зі своєї стопки ""Скидання""."
228_T,"Щоразу, коли ви використовуєте довгий відпочинок <nobr>розгортайте <sprite name=Refresh></nobr> 1 вашу витрачену карту предмета."
229_B,"У цьому раунді під час усіх ваших атак ігноруйте показники властивостей <nobr>""ЩИТ <sprite name=Shield>""</nobr> всіх ваших цілей."
230_T,"Наприкінці ваших наступних 5 ходів виконуйте дію <nobr>""ЛІКУВАННЯ <sprite name=Heal> 2</nobr> (на всіх союзників на сусідніх клітинах)"
231_T,"Убийте одного звичайного або елітного ворога, що знаходиться на сусідній клітині."
232_B,"Ви разом з усіма союзниками на сусідніх клітинах можете <nobr>ВІДНОВИТИ <sprite name=Refresh></nobr> всі ваші витрачені карти <sprite name=InvSmallItem>."
235_B,"Усі атаки, спрямовані на вас і ваших прикликаних союзників, отримують УСКЛАДНЕННЯ цього раунду."
235_T,"2 Тіньових вовків"
236_B,"ВІДНОВИТИ <sprite name=Recover> до чотирьох ваших <nobr>Втрат.</nobr>"
238_T,"Один покликаний союзник на сусідній клітині виконує дію"
245_T,"Під час будь-якої вашої дії РУХ або дії РУХ будь-якого прикликаного вами союзника ви можете <sprite name=ConsumeEarth>, щоб додати <nobr>+2 РУХ <sprite name=Move></nobr> та отримати <sprite name=XP1>."
247_T,"Убийте всіх звичайних ворогів, які перебувають на сусідніх клітинах і у яких поточна кількість 03 менша або дорівнює 5."
250_T,"Один або два покликаних союзники в межах <nobr>ДАЛЬНОСТІ <sprite name=Range> 2</nobr> виконують під вашим управлінням дію"
253_T,"ПРИКЛИКАТИ 3 Колючі кулі"
257_B,"Приберіть усі карти з ефектом <nobr>""ПРОКЛЯТТЯ <sprite name=Curse>""</nobr> з вашої колоди модифікаторів атаки, а потім замішайте стопку скидання назад у цю колоду."
257_T,"У наступних 3 випадках отримання шкоди покликаними союзниками вони замість цього не отримують шкоди."
258_B,"Поміняйтеся місцями з будь-яким покликаним союзником."
258_T,"Один покликаний союзник у межах <nobr>ДАЛЬНОСТІ <sprite name=Range> 3</nobr> виконує під вашим управлінням дію"
260_B,"Усі покликані союзники в межах <nobr>ДАЛЬНОСТІ <sprite name=Range> 3</nobr> виконують під вашим управлінням дію"
261_T,"Як останню дію ваших наступних 4 здібностей атаки в стані <nobr>""НЕВИДИМІСТЬ <sprite name=Invisible>""</nobr> виконуйте дію <nobr>""АТАКА <sprite name=Attack> 2""</nobr>, <nobr>""ДАЛЬНІСТЬ <sprite name=Range> 3""</nobr>."
263_B,"До кінця цього ходу подвоюйте показники всіх ваших дій <nobr> ""АТАКА <sprite name=Attack>""</nobr>, <sprite name=XP1>."
263_T,"До кінця цього ходу подвоюйте показники всіх ваших дій <nobr> ""РУХ <sprite name=Move>""</nobr>, <sprite name=XP1>."
266_T,"Замість цього вбийте одну ЦІЛЬ, якщо це звичайний ворог, <sprite name=XP1>."
268_T,"Додайте <nobr>+2 АТАКА <sprite name=Attack></nobr> й отримайте <sprite name=XP1>, якщо ви перебуваєте в стані <nobr>""НЕВИДИМІСТЬ <sprite name=Invisible>""</nobr>."
270_B,"В якості першої дії ваших наступних 4 здібностей атаки виконуйте дію <nobr>""РУХ <sprite name=Move> 2""</nobr>."
271_B,"Пересуньтеся на будь-яку незайняту клітку (ви не можете пересуватися через зачинені двері)."
274_T,"Додайте ефект ""<nobr>ОГЛУШЕННЯ <sprite name=Stun></nobr>"" і отримайте <sprite name=XP1>, якщо ви перебуваєте в стані <nobr>""НЕВИДИМІСТЬ <sprite name=Invisible>""</nobr>."
277_T,"<line-height=110%>у кінці наступних ваших 3 ходів, у яких стихія <size=150%><voffset=-3><sprite name=Dark></voffset></voffset></voffset></voffset></sprite> не має сильного заряду, підвищуйте заряд <size=150%><voffset=-3><sprite name=Dark></voffset></voffset></voffset></sprite>."
279_B,"В якості останньої дії ваших наступних 4 здібностей руху в стані <nobr>""НЕВИДИМІСТЬ <sprite name=Invisible>""</nobr> виконуйте дію <nobr>""АТАКА <sprite name=Attack> 2 (ЦІЛІ: всі вороги на сусідніх клітинах)""</nobr>."
283_T_1,"Отримуйте перевагу в усіх ваших атаках."
283_T_2,"Вашими цілями можуть ставати вороги в стані <nobr>""НЕВИДИМІСТЬ <sprite name=Invisible>""</nobr>."
286_T,"Додайте ефекти <nobr>""ОТРУЄННЯ <sprite name=Poison>""</nobr>, <nobr>""СУМ\'ЯТТЯ <sprite name=Muddle>""</nobr>, <nobr>""РАНА <sprite name=Wound>""</nobr> й отримайте <sprite name=XP1>, якщо ви знаходитеся в стані <nobr>""НЕВИДИМІСТЬ <sprite name=Invisible>""</nobr>."
287_B,"Убийте одного звичайного ворога на сусідній клітині, <sprite name=XP1>."
287_T,"Замість цього вбийте всі ЦІЛІ, які є звичайними ворогами, <sprite name=XP2>."
288_T,"Під час ваших наступних 5 атак у стані <nobr>""НЕВИДИМІСТЬ <sprite name=Invisible>""</nobr> додавайте ефект <nobr>""ОГЛУШЕННЯ <sprite name=Stun>""</nobr>."
289_T,"усі вороги та союзники в цільовій ЗОНІ отримують стан <nobr>""ОТРУЄННЯ <sprite name=Poison>""</nobr>."
290_B,"<nobr>Відніміть 1 <sprite name=Range></nobr> з ДАЛЬНОСТІ всіх ваших дальніх атак."
292_T,"Раз за дію Атаки можете дати <nobr>ОТРУЄННЯ <sprite name=Poison></nobr> союзнику в межах <nobr>ДАЛЬНОСТІ <sprite name=Range> 2</nobr> (або 3 шкоди, якщо вже має <nobr>ОТРУЄННЯ <sprite name=Poison></nobr>) для <nobr>+1 АТАКА <sprite name=Attack></nobr> до всієї дії."
298_T,"Під час ваших наступних 6 здібностей атаки, за яких <nobr>стихія <sprite name=Air></nobr> має сильний або середній заряд, ви можете використовувати <sprite name=ConsumeAir>, щоб додати <nobr>+1 АТАКА <sprite name=Attack></nobr> до всіх атак здатності."
300_B,"Після застосування кожної вашої здатності руху застосовуйте ефект <nobr>""ОТРУЄННЯ <sprite name=Poison>""</nobr> до всіх ворогів і союзників на сусідніх клітинах."
301_T,"Зніміть <nobr>ОТРУЄННЯ <sprite name=Poison></nobr> з ворога для завдання <nobr>3 шкоди</nobr>."
304_T,"усі союзники на сусідніх із ЦІЛЛЮ клітинах отримують стан <nobr>""ОТРУЄННЯ <sprite name=Poison>""</nobr>."
305_T,"Убийте одного звичайного ворога в стані <nobr>""ОТРУЄННЯ <sprite name=Poison>""</nobr> <nobr>в межах ДАЛЬНОСТІ <sprite name=Range> 3. </nobr>"
309_T,"Усі вороги в стані <nobr>""ОТРУЄННЯ <sprite name=Poison>""</nobr> отримують по 1 шкоді."
310_B,"Усі союзники в стані <nobr>""ОТРУЄННЯ <sprite name=Poison>""</nobr>можуть <nobr>ВІДНОВИТИ <sprite name=Recover></nobr> не більш ніж 2 карти зі своїх стопок ""Скидання""."
310_T,"Один раз за кожну вашу здатність руху ви можете отримати 1 шкоду, щоб завдати 3 шкоди будь-якому ворогові в стані <nobr>""ОТРУЄННЯ <sprite name=Poison>""</nobr>."
314_T,"Якщо під час своєї атаки ворог не завдає шкоди через витягнуту карту <nobr>""ПРОКЛЯТТЯ <sprite name=Curse>""</nobr>, цей ворог отримує 3 шкоди."
316_B,"Подвійте показник вашої наступної здатності атаки в цьому раунді."
316_T,"Під час ваших наступних 6 здібностей атаки застосовуйте ефект <nobr>""ПРОКЛЯТТЯ <sprite name=Curse>""</nobr> до одного союзника <nobr>в межах ДАЛЬНОСТІ <sprite name=Range> 2</nobr>, щоб додати 2 ефекту <nobr>""ДОДАТИ ЦІЛЬ <sprite name=Target>""</nobr>."
317_B,"Усі вороги в стані <nobr>""ОТРУЄННЯ <sprite name=Poison>""</nobr> отримують по 2 шкоди."
318_B_1,"Усі союзники в стані <nobr>""ОТРУЄННЯ <sprite name=Poison>""</nobr> отримують по 2 шкоди."
318_B_2,"За кожних 2 союзників, які отримали шкоду, додавайте <nobr>+1 АТАКА <sprite name=Attack></nobr> до всіх ваших атак у цьому раунді й отримуйте <sprite name=XP1>."
320_B,"Якщо у вас менше половини від вашої максимальної кількості ОЗ (з округленням догори), отримайте <sprite name=XP1> і виконайте дію"
321_T,"Ви можете отримати 2 шкоди, щоб додати <nobr>+2 АТАКА <sprite name=Attack></nobr> й отримати <sprite name=XP1>."
322_B,"У наступних 3 випадках отримання вами шкоди, унаслідок яких у вас має залишитися менше 1 ОЗ, натомість не отримуйте шкоди."
322_T,"Додайте <nobr>+2 АТАКА <sprite name=Attack></nobr> і отримайте <sprite name=XP1>, якщо у вас менш ніж половина від вашої максимальної кількості ОЗ (з округленням вгору)."
324_B_1,"Додавайте <nobr>+1 АТАКА <sprite name=Attack></nobr> до всіх ваших атак."
324_B_2,"На початку кожного вашого ходу отримуйте 1 шкоду."
324_T,"Отримайте шкоду, що дорівнює половині вашої поточної кількості ОЗ (з округленням вгору)."
325_B,"У наступних 4 випадках, коли ви лікуєтеся або вас лікують, додавайте <nobr>+2 ЛІКУВАННЯ <sprite name=Heal></nobr> до ЛІКУВАННЯ."
326_T,"Ви можете отримати 2 шкоди, щоб додати ефект <nobr>ОГЛУШЕННЯ <sprite name=Stun></nobr> і отримати <sprite name=XP1>."
329_B,"Під час ЛІКУВАННЯ ваша поточна кількість ОЗ може підвищуватися до максимуму в 26 ОЗ, але під час застосування всіх ваших здібностей ваша максимальна кількість ОЗ, як і раніше, рахується за вашим рівнем."
330_T,"Зменшіть вашу поточну кількість ОЗ до 1.<br>Це не вважається втратою."
331_B,"Ви можете отримати 2 шкоди, щоб застосувати ефект <nobr>ОГЛУШЕННЯ <sprite name=Stun></nobr> до одного ворога на сусідній клітині."
331_T,"Ви можете отримати 2 шкоди, щоб отримати властивість <nobr>ЩИТ <sprite name=Shield> 1, і <sprite name=XP1></nobr>."
332_B,"Усі вороги додають <nobr>+1 АТАКА <sprite name=Attack></nobr> до всіх ближніх атак, націлених на вас."
332_T,"Ви можете отримати 3 шкоди або менше."
333_B,"Додайте <nobr>+2 РУХ <sprite name=Move></nobr>, якщо у вас менше половини від вашої максимальної кількості ОЗ <nobr>(з округленням угору).</nobr>"
334_T,"У цьому раунді збільшуйте на 2 показник кожної вашої властивості <nobr>ВІДПЛАТА <sprite name=Retaliate></nobr>."
335_T,"Убийте одного звичайного ворога, що знаходиться на сусідній клітці, у якого поточна кількість ОЗ менша за половину різниці між вашою максимальною кількістю ОЗ і поточною кількістю ОЗ."
336_T,"Ви можете отримати 4 шкоди або менше."
337_B,"У цьому раунді отримуйте Перевагу у всіх ваших атаках. У цьому раунді всі атаки, націлені на вас, проводяться з УСКЛАДНЕННЯм."
337_B_1,"У цьому раунді отримуйте Перевагу в усіх ваших атаках."
337_B_2,"Усі атаки, спрямовані на вас, отримують УСКЛАДНЕННЯ цього раунду."
338_B,"Додавайте <nobr>+1 АТАКА <sprite name=Attack></nobr> до всіх ваших атак, під час яких у вас менше половини від вашої максимальної кількості ОЗ <nobr>(з округленням угору).</nobr>."
338_T,"Отримайте властивість <nobr>ЩИТ <sprite name=Shield> 1</nobr> і <sprite name=XP1>, якщо у вас менше половини від вашої максимальної кількості ОЗ <nobr>(з округленням вгору).</nobr>."
339_T,"Ви негайно стаєте виснаженим"
341_B,"Якщо ви використовуєте перепочинок наприкінці цього раунду, отримаєте всі бонуси <nobr>довгого відпочинку</nobr>."
341_T,"Ви можете отримати 2 шкоди, щоб ігнорувати показник властивості <nobr>ЩИТ <sprite name=Shield> ЦІЛІ й отримати <sprite name=XP1>."
343_B,"Ви стаєте несприйнятливим до всіх негативних станів."
343_T,"застосуйте ефект <nobr>РАНА <sprite name=Wound></nobr> (на себе і на всіх союзників на сусідніх клітинах), щоб додати ефекти <nobr>Відштовхнути <sprite name=Push> 2,</nobr> та <nobr>ПАРАЛІЧ <sprite name=Immobilize>.</nobr>"
345_B,"Додавайте <nobr>+1 АТАКА <sprite name=Attack></nobr> до всіх ваших атак у цьому раунді, <sprite name=XP1>."
345_T,"У наступних 5 випадках отримання вами шкоди виконуйте дію <nobr>""АТАКА <sprite name=Attack> 3""</nobr>."
346_T,"У наступних 5 випадках отримання вами шкоди замість цього не отримуйте шкоди."
347_B,"Ви можете отримати 5 шкоди або менше."
347_T,"Виконайте дію ""<nobr>ЛІКУВАННЯ <sprite name=Heal> 2</nobr>, (на себе)"" за кожного ворога, який зазнав шкоди."
348_T,"Усі союзники в кожен свій хід додають <nobr>+1 АТАКА <sprite name=Attack></nobr> до однієї своєї атаки."
349_B,"Наступного разу, коли будь-який союзник у межах <nobr>ДАЛЬНОСТІ <sprite name=Range> 2</nobr> повинен буде отримати шкоду в цьому раунді, він замість цього не отримує шкоди."
350_T,"Усі союзники додають <nobr>+1 РУХ <sprite name=Move></nobr> до всіх своїх дій руху і <nobr>+1 ДАЛЬНІСТЬ <sprite name=Range></nobr> всіх своїх дальніх атак."
352_B,"Один союзник у межах <nobr>ДАЛЬНОСТІ <sprite name=Range> 3</nobr> може виконати дію"
354_B,"Примусьте всіх ворогів у цільовій ЗОНІ виконати під вашим управлінням дію <nobr>""РУХ <sprite name=Move> 1""</nobr>."
357_T,"Усі союзники додають ефект <nobr>РАНА <sprite name=Wound></nobr> до всіх своїх атак."
358_T,"У наступних 5 випадках, коли ви застосовуєте до ворога ефект <nobr>ПРОКЛЯТТЯ <sprite name=Curse></nobr>, застосуйте до нього цей ефект ще раз."
360_T,"Усі союзники на початку кожного свого ходу можуть виконати дію <nobr>""ЛІКУВАННЯ <sprite name=Heal> 1, (на себе)""</nobr>."
362_T,"Усі союзники отримують властивість <nobr>ВІДПЛАТА <sprite name=Retaliate>2,</nobr> <nobr>ДАЛЬНІСТЬ <sprite name=Range> 2</nobr>."
364_T,"Усі вороги проводять усі свої атаки з УСКЛАДНЕННЯм."
365_T,"Один будь-який союзник може виконати дію"
366_T_1,"У вас може бути одночасно 2 діючі здібності з атрибутом <nobr><color=#EBB0AA>Пісня </color> <sprite name=Song> </nobr>, але ви отримуєте досвід тільки за одну з них."
366_T_2,"Якщо ви застосуєте третю здатність з атрибутом <nobr><color=#EBB0AA>Пісня </color> <sprite name=Song></nobr>, скиньте одну з попередніх."
367_T,"Усі союзники можуть виконувати дію <nobr>""РУХ <sprite name=Move> 1""</nobr> перед будь-якою своєю здатністю атаки."
368_T,"На початку кожного вашого ходу, ви можете змусити одного ворога в межах <nobr>ДАЛЬНОСТІ <sprite name=Range> 5</nobr> виконати під вашим управлінням дію <nobr>""РУХ <sprite name=Move> 2""</nobr>."
370_T,"На початку кожного вашого ходу застосуйте ефект <nobr>ПРОКЛЯТТЯ <sprite name=Curse></nobr> до одного ворога в межах <nobr>ДАЛЬНОСТІ <sprite name=Range> 5</nobr>."
371_B,"Усі союзники в межах <nobr>ДАЛЬНОСТІ <sprite name=Range> 3</nobr> можуть виконати дію"
372_T,"Усі союзники на початку кожного свого ходу можуть виконати дію <nobr>""ЛІКУВАННЯ <sprite name=Heal> 2, (на себе)""</nobr>."
373_B,"Примусьте всіх ворогів у цільовій ЗОНІ виконати під вашим управлінням дію <nobr>""РУХ <sprite name=Move> 2""</nobr>."
374_T,"Усі союзники додають <nobr>+1 АТАКА <sprite name=Attack></nobr> до всіх своїх атак."
375_B,"Два союзники в межах <nobr>ДАЛЬНОСТІ <sprite name=Range> 3</nobr> можуть виконати дію"
375_T,"Примусьте всіх ворогів на клітинах, через які ви пересунулися, виконати під вашим управлінням дію <nobr>""АТАКА <sprite name=Attack> 3""</nobr>, націлену на іншого ворога."
376_B,"Додавайте <nobr>+2 АТАКА <sprite name=Attack></nobr> до всіх ваших атак, націлених на цього ворога."
376_T,"Наступні чотири рази, коли <nobr><b><color=#39BEED>Приречений</color> <sprite name=Doom></b></nobr> ворог гине, виконайте дію ""АТАКА <nobr><sprite name=Attack> 2</nobr>, ДАЛЬНІСТЬ <nobr><sprite name=Range> 5</nobr>""."
377_B,"Усі показники <nobr>атаки <sprite name=Attack></nobr>, <nobr>руху <sprite name=Move></nobr>, і <nobr>ДАЛЬНОСТІ <sprite name=Range></nobr> цього ворога зменшуються на 1."
377_T_1,"Створи одну пастку (4, ОГЛУШЕННЯ) у сусідній пустій клітинці."
377_T_2,"Отримайте <sprite name=XP2>, коли ця пастка спрацює на ворога."
378_B,"У той момент, коли цей ворог помре, пересуньтеся на клітку, на якій він помер, ігноруючи всі проміжні клітини."
379_B,"У той момент, коли цей ворог помре, виконайте дію ""<nobr>ЛІКУВАННЯ <sprite name=Heal> 4</nobr> (на себе)""."
380_B,"Цей ворог отримує 2 шкоди на початку кожного свого ходу."
381_B,"Усі союзники додають<nobr>+1 АТАКА <sprite name=Attack></nobr> до всіх своїх атак, націлених на цього ворога."
382_B,"Коли цей ворог помирає, всі вороги поруч з клітинкою, де він помер, отримують 3 пошкодження."
382_T_1,"Постав пастку (3 шкоди) у сусідню пусту клітинку."
382_T_2,"Вороги біля пастки отримують 2 шкоди при спрацюванні."
382_T_3,"Отримайте <sprite name=XP2>, коли ця пастка спрацює на ворога."
383_B,"Коли цей ворог помирає, всі сусідні вороги виконують ""<nobr>РУХ <sprite name=Move> 1</nobr>"" під вашим контролем."
383_T,"Тричі, коли <nobr><b><color=#39BEED>Приречений</color> <sprite name=Doom></b></nobr> ворог помирає в <nobr>ДАЛЬНОСТІ <sprite name=Range> 2</nobr> від іншого ворога, передайте йому <nobr><b><color=#39BEED>Приречення</color> <sprite name=Doom></b></nobr>."
384_T,"Створи одну пастку (2 шкоди, ПАРАЛІЧ) у сусідній пустій клітинці."
387_T,"Додайте <nobr>+2 АТАКА <sprite name=Attack></nobr> і отримайте <sprite name=XP1>, якщо ЦІЛЬ <nobr><b><color=#39BEED>набута</color> <sprite name=Doom></b></nobr>."
388_B,"Кожного разу, коли цей ворог отримує шкоду, виконуйте дію ""<nobr>Здоровлення <sprite name=Heal> 2</nobr>, (на себе)"
389_B,"Усі покликані союзники додають <nobr>+2 АТАКА <sprite name=Attack></nobr> до всіх своїх атак, націлених на цього ворога."
390_T,"Додайте <nobr>+2 АТАКА <sprite name=Attack></nobr> й отримайте <sprite name=XP1>, якщо в ЦІЛІ до цього не було шкоди."
391_B,"Ви з усіма союзниками додаєте ефект ""<nobr>ПРОБІЙ <sprite name=Pierce> 2</nobr>"" до всіх ваших атак, націлених на цього ворога."
391_T_1,"Кожен хід ви отримуєте перевагу в одній атаці, націленій на <nobr><b><color=#39BEED>набутого</color> <sprite name=Doom></b></b></nobr> ворога."
391_T_2,"Усі вороги втрачають стан ""<nobr>НЕВИДИМІСТЬ <sprite name=Invisible></nobr>"" і більше не можуть отримувати цей стан."
392_B,"+2 Атаки до всіх атак на <nobr><b><color=#39BEED>Приречених</color> <sprite name=Doom></b></nobr> ворогів цього раунду."
393_B,"У той момент, коли цей ворог помре, виконайте дію ""<nobr>АТАКА <sprite name=Attack> 2</nobr>, <nobr>ДАЛЬНІСТЬ <sprite name=Range> 3</nobr> 3, <nobr>ЦІЛІ <sprite name=Target> 3</nobr>""."
394_T,"Додайте <nobr>+3 АТАКА <sprite name=Attack></nobr> і отримайте <sprite name=XP1>, якщо ЦІЛЬ <nobr><b><color=#39BEED>набута</color> <sprite name=Doom></b></nobr>."
395_B,"Ви з усіма союзниками отримуєте перевагу у всіх ваших атаках, націлених на цього ворога."
396_T_1,"Створіть 1 пошкоджувальну пастку (2 шкоди) з ефектом ""<nobr>РАНА <sprite name=Wound></nobr>"" на сусідній порожній клітині."
396_T_2,"коли ця пастка спрацює, всі вороги на сусідніх з нею клітинах отримують стан ""<nobr>РАНА <sprite name=Wound></nobr>""."
397_B,"На початку ваших наступних трьох ходів перемістіть лічильник цього ефекту. Після трьох переміщень вбийте ЦІЛЬ і скиньте цю картку."
397_B_Reminder,"Позначте одного звичайного чи елітного ворога як <b><color=#39BEED>Приречений</color>."
397_T_1,"Ви можете мати два <nobr><b><color=#39BEED>Погибелі</color> <sprite name=Doom></b></nobr> на одній ЦІЛІ."
397_T_2,"Якщо третя <nobr><b><color=#39BEED>Приречення</color> <sprite name=Doom></b></nobr> грається на ту саму ЦІЛЬ, скинь одну. Якщо на іншу — скинь обидві."
398_B,"(Ціль: один <nobr><b><color=#39BEED>придбаний</color> <sprite name=Doom></b></b></nobr> ворог у межах будь-якої ДАЛЬНОСТІ)"
399_B,"У той момент, коли цей ворог помре, ви з усіма союзниками виконуєте дію ""<nobr>ЛІКУВАННЯ <sprite name=Heal> 2</nobr>, (на себе)""."
401_B,"У цьому раунді додавайте <nobr>+3 АТАКА <sprite name=Attack></nobr> до всіх ваших атак, націлених на <nobr><b><color=#39BEED>набутих</color> <sprite name=Doom></b></b></nobr> ворогів."
401_T,"Убийте ЦІЛЬ і отримайте <sprite name=XP1>, якщо після атаки кількість її ОЗ менша або дорівнює 2."
402_B,"Ви з усіма союзниками додаєте ефект ""<nobr>ПРОКЛЯТТЯ <sprite name=Curse></nobr>"" до всіх ваших атак, націлених на цього ворога."
403_B,"Якщо цей ворог гине в межах <nobr>ДАЛЬНОСТІ <sprite name=Range> 2</nobr> від іншого ворога, перенесіть цей та будь-які інші ефекти <nobr><b><color=#39BEED>Погибелі</color> <sprite name=Doom></b></nobr> на того ворога замість їх скидання."
405_B,"Ви з усіма союзниками додаєте +Х <sprite name=Attack> до всіх ваших атак, націлених на цього ворога, де Х - різниця між ДАЛЬНІСТЮ атаки і кількістю клітин до цього ворога."
406_B,"Перенесіть усі активні ефекти <nobr><b><color=#39BEED>Погибелі</color> <sprite name=Doom></b></nobr> з поточної ЦІЛІ на одного ворога в межах <nobr>ДАЛЬНОСТІ <sprite name=Range> 4</nobr> від вас."
406_T,"Примусьте ЦІЛЬ пересунутися на 3 клітини або менше у напрямку до найближчої клітини, що є сусідньою з одним із ваших союзників."
407_T,"Віддайте 1 союзнику на сусідній клітині 1 карту здатності ""Аптечка""."
408_B,"У цьому раунді ефекти всіх ваших дій лікування застосовуються до вас і до всіх союзників на сусідніх клітинах."
409_B,"У цьому раунді цілями всіх ваших ближніх атак стають усі вороги на сусідніх клітинах."
410_B,"Покладіть цю карту в ЗОНА діючих карт одного союзника на сусідній клітині. до кінця сценарію ця карта вважається такою, що належить цьому союзнику."
412_B,"Зніміть усі негативні стани з одного союзника на сусідній клітині."
412_T,"Зніміть усі негативні стани з фігурки, яку ви лікували."
414_B,"У цьому раунді ви разом з усіма союзниками стаєте несприйнятливими до всіх негативних станів."
414_T,"Віддайте одному союзнику на сусідній клітині 1 карту здатності ""Велика аптечка""."
415_T,"Один раз у кожен з ваших наступних 4 ходів виконуйте дію ""ЛІКУВАННЯ 2, ДАЛЬНІСТЬ 1""."
416_T,"На початку кожного вашого ходу знімайте 1 негативний стан одного будь-якого союзника."
429_B,"Усі союзники на сусідніх клітинах можуть виконати дію ""<nobr>РУХ <sprite name=Move> 2</nobr>"
429_T,"Ви разом з усіма союзниками на сусідніх клітинах можете <nobr>повернути <sprite name=Recover></nobr> на руку карти зі своїх стопок ""Скидання"" в кількості, яка не перевищує кількість союзників на сусідніх з вами клітинах."
433_B,"На початку кожного вашого ходу виконуйте дію <nobr>""ЛІКУВАННЯ <sprite name=Heal> 1 (на себе)</nobr>."
437_T,"Зніміть усі негативні стани з усіх союзників на сусідніх клітинах."
439_T,"Убийте одного звичайного ворога, що знаходиться на сусідній клітці, у якого не менше 2 жетонів негативних станів."
440_B,"Віддайте всім союзникам на сусідніх клітинах по 1 карті здатності ""Велика аптечка""."
440_T,"Віддайте всім союзникам на сусідніх клітинах по 1 карті здатності ""Аптечка""."
441_B,"У цьому раунді додавайте <nobr>+4 ЛІКУВАННЯ <sprite name=Heal></nobr> до всіх ваших дій лікування."
441_T,"Перед вашими наступними 6 здібностями ЛІКУВАННЯ знімайте всі негативні стани з фігурок, яких лікуєте."
443_B,"Один союзник на сусідній клітці може <nobr>ВІДНОВИТИ <sprite name=Recover></nobr> не більше 2 карт зі своєї стопки ""Скидання""."
443_T,"Зніміть усі негативні стани з фігурки, яку лікували, і віддайте їй 1 карту здатності ""Велика аптечка""."
445_T_1,"Замість будь-яких ваших дій <nobr>АТАКА <sprite name=Attack> Х</nobr> або <nobr>Розміщення <sprite name=Move> Х</nobr> ви можете виконувати дію <nobr>Здоровлення <sprite name=Heal> Х+1, ДАЛЬНІСТЬ <sprite name=Range> 1</nobr>, де Х - будь-який показник."
445_T_2,"У цих випадках ігноруйте всі ефекти, що застосовуються діями <nobr>АТАКА <sprite name=Attack>, але використовуйте для ЛІКУВАННЯ ДАЛЬНІСТЬ атаки, якщо вона вказана."
446_T,"Убийте всіх звичайних і потужних ворогів у цільовій ЗОНІ, які вже отримали щонайменше 10 шкоди."
449_B,"Один раз за кожну вашу здатність атаки ви можете використовувати <sprite name=ConsumeAny>, щоб додати <nobr>+1 АТАКА <sprite name=Attack></nobr> до всіх атак цієї здатності."
450_B_1,"<line-height=100%>у кінці кожного вашого ходу ви можете підвищити заряд будь-якої стихії <voffset=-3><size=150%><sprite name=Any></size></voffset>."
450_B_2,"Віднімайте 1 <sprite name=Attack> з усіх ваших атак."
459_B,"Усі атаки, спрямовані на вас, отримують УСКЛАДНЕННЯ цього раунду."
463_T_1,"<nobr>АТАКА <sprite name=Attack></nobr> X-1 (ЦІЛЬ: інший ворог у межах ДАЛЬНОСТІ <sprite name=Range> 2</nobr> від першої ЦІЛІ),<br><nobr> АТАКА <sprite name=Attack></nobr> X-2 (ЦІЛЬ: третій ворог у межах ДАЛЬНОСТІ <nobr><sprite name=Range> 2</nobr> від другої ЦІЛІ)"
463_T_2,"Атака <sprite name=Attack> X-3 (ЦІЛЬ: четвертий ворог у межах ДАЛЬНОСТІ <nobr><sprite name=Range> 2</nobr> від третьої ЦІЛІ)"
468_T,"Цілі: усі вороги в межах <nobr>ДАЛЬНОСТІ <sprite name=Range> 2</nobr> від фігурки, яку ви лікували"
469_B_1,"Прикликати Двійника"
469_B_2,"Ви можете виконувати дії атаки так, ніби перебуваєте на клітці двійника."
470_T,"Замість цього вбийте всі ЦІЛІ, які є звичайними ворогами, <sprite name=XP1>."
471_T,"Фігурка, яку ви лікували, може ВІДНОВИТИ <sprite name=Recover> 1 карту зі своєї стопки ""Скидання""."
472_B_1,"<nobr>+2 рУХ <sprite name=Move>, РАНА <sprite name=Wound></nobr> (на всіх ворогів на клітинах, через які ви пересунулися), <sprite name=XP1>"
472_B_2,"<nobr>+2 рУХ <sprite name=Move>, ПАРАЛІЧ <sprite name=Immobilize></nobr> (на всіх ворогів на клітинах, через які ви пересунулися), <sprite name=XP1>"
472_T,"Один раз за здатність, якщо ви використовуєте стихію під час цієї здатності, можете завдати 1 шкоди одному ворогові в межах <nobr>ДАЛЬНОСТІ <sprite name=Range> 2</nobr> або виконати дію <nobr>""ЛІКУВАННЯ <sprite name=Heal> 1, ДАЛЬНІСТЬ <sprite name=Range> 2""</nobr>."
474_B,"Виконайте в будь-якому порядку будь-які дії зі списку:"
474_T,"Прикликати Сферу мани"
477_B,"Поміняйте місцями 2 будь-які фігурки"
478_B,"Поміняйте місцями 2 будь-яких ворогів"
481_B_1,"Перед ходом ведмедя можете пропустити верхню дію для +<nobr>3 АТАКА <sprite name=Attack></nobr> до всіх атак ведмедя цього раунду."
481_B_2,"Перед ходом ведмедя можете пропустити нижню дію для +<nobr>3 РУХ <sprite name=Move></nobr> до всіх рухів ведмедя цього раунду."
489_B_1,"Перерозподіліть здоров'я між вами та викликаними союзниками."
489_B_2,"У жодного персонажа не може бути більше здоров'я за його максимум."
495_B,"У цьому раунді додавайте <nobr>+1 АТАКА <sprite name=Attack></nobr> до всіх атак ваших здібностей з атрибутом <nobr><color=#BF9C8B>Наказ</color> <sprite name=Command></nobr>"
496_B,"Один будь-який покликаний союзник виконує під вашим управлінням дії"
498_B,"Поміняйтеся місцями з вашим ведмедем"
499_T,"Після наступних 5 атак вашого ведмедя він виконує дію <nobr>""ЛІКУВАННЯ <sprite name=Heal> 2, на себе""</nobr>."
501_B,"Усі покликані союзники в межах ДАЛЬНОСТІ <nobr><sprite name=Range> 3</nobr> виконують під вашим управлінням дію"
504_T,"Вбийте сусіднього звичайного ворога здоровє котрого меньше 6."
505_B,"Відновіть <sprite name=Recover> до двох ваших спалених карт із діями ПРИКЛИКАННЯ на них."
505_T,"Усі союзники на сусідніх клітинах додають <nobr>+2 АТАКА <sprite name=Attack></nobr> до всіх своїх атак."
538,"Створіть пошкоджувальну пастку (3 шкоди) в сусідній порожній, найближчій до ворога клітині."
542,"Додавайте <nobr>+2 АТАКА <sprite name=Attack> </nobr>, якщо ЦІЛЬ є сусідньою для будь-якої з союзних Гончих."
569,"Труп, що ожив, отримує *Damage1* шкоди."
609,"Культисти отримують *Damage1* шкоди."
627,"Морозний демон отримує *CFireDamage* шкоди"
633,"Вогняний демон отримує *CIceDamage* шкоди."
634,"Усі сусідні вороги отримують 2 шкоди"
635,"Створіть пошкоджувальну пастку (4 шкоди) на сусідній порожній клітині."
636,"Цілі: усі вороги в межах ДАЛЬНОСТІ <sprite name=Range> 3"
667,"Усі сусідні союзники та вороги отримують *Damage1* шкоди"
684,"Додавайте <nobr>+2 АТАКА <sprite name=Attack></nobr>, якщо на сусідній з ЦІЛЛЮ клітині є один із союзників Гігантської Гадюки."
689,"Всі атаки в цьому раунді проти Гігантської Гадюки проводяться з УСКЛАДНЕННЯм."
697_A,"Слиз отримує *Damage2* шкоди."
697_B,"Покликати звичайного Слима зі значенням ОЗ, що дорівнює поточному значенню ОЗ Слима, який закликає (але не більше зазначеного максимального значення ОЗ для звичайного Слима)"
738,"Прикличте звичайного Глибинного Жаха до клітинки, що прилягає до ЦІЛІ."
741,"Кам'яний Голем отримує *Damage1* шкоди."
744,"Кам'яний Голем отримує *Damage2* шкоди."
ABILITY_CARD_AMomentsPeace,"Хвилини затишшя"
ABILITY_CARD_AcceleratedEnd,"Швидкий кінець"
ABILITY_CARD_AidFromtheAether,"Ефірна допомога"
ABILITY_CARD_AirborneToxin,"Летючий токсин"
ABILITY_CARD_Amputate,"Ампутація"
ABILITY_CARD_AncientWard,"Стародавній оберіг"
ABILITY_CARD_AngelicAscension,"Ангельське вознесіння"
ABILITY_CARD_AngelofDeath,"Ангел смерті"
ABILITY_CARD_ArmoroftheNight,"Обладунки ночі"
ABILITY_CARD_AutoTurret,"Автоматична турель"
ABILITY_CARD_Avalanche,"Лавина"
ABILITY_CARD_Backstab,"Удар у спину"
ABILITY_CARD_BackupAmmunition,"Запасні снаряди"
ABILITY_CARD_BagofHolding,"Бездонний мішок"
ABILITY_CARD_BalancedMeasure,"Зважений підхід"
ABILITY_CARD_BanefulHex,"Дурне око"
ABILITY_CARD_BattlefieldMedicine,"Польова медицина"
ABILITY_CARD_BeaconofLight,"Світловий сигнал"
ABILITY_CARD_BedsideManner,"Лікарська етика"
ABILITY_CARD_BitingGnats,"Кусюча мошкара"
ABILITY_CARD_BitingWind,"Кусючий вітер"
ABILITY_CARD_BlackArrow,"Чорна стріла"
ABILITY_CARD_BlackFire,"Чорний вогонь"
ABILITY_CARD_BlackHole,"Чорна діра"
ABILITY_CARD_BlackKnives,"Чорні ножі"
ABILITY_CARD_BlackTides,"Чорний приплив"
ABILITY_CARD_BladedBoomerang,"Бумеранг із лезами"
ABILITY_CARD_BlindDestruction,"Сліпе знищення"
ABILITY_CARD_BlisteringVortex,"Наривна воронка"
ABILITY_CARD_BloodHunger,"Жага крові"
ABILITY_CARD_BloodPact,"Кривавий договір"
ABILITY_CARD_BloodTransfusion,"Переливання крові"
ABILITY_CARD_BloodySaw,"Закривавлена пила"
ABILITY_CARD_BluntForce,"Сила землі"
ABILITY_CARD_BoilingArc,"Палюча дуга"
ABILITY_CARD_BondedMight,"Скута міць"
ABILITY_CARD_BoneBreaker,"Костолом"
ABILITY_CARD_BoomingProclamation,"Гучна заява"
ABILITY_CARD_BoosterShot,"Бустерна доза"
ABILITY_CARD_BorrowedEssence,"Перекачування сутності"
ABILITY_CARD_BounceBack,"Відскок"
ABILITY_CARD_BrainLeech,"Мозкова п'явка"
ABILITY_CARD_BreaktheChains,"Геть кайдани"
ABILITY_CARD_BrightAegis,"Яскравий захист"
ABILITY_CARD_BrilliantFlash,"Яскравий спалах"
ABILITY_CARD_BrilliantPrayer,"Світла молитва"
ABILITY_CARD_BrutalMomentum,"Різкий поштовх"
ABILITY_CARD_BruteForce,"Груба сила"
ABILITY_CARD_Burial,"Поховання"
ABILITY_CARD_BurningFlash,"Палючий спалах"
ABILITY_CARD_BurningHatred,"Пекуча ненависть"
ABILITY_CARD_BurningOil,"Кипляча олія"
ABILITY_CARD_CalltoAction,"Заклик до дії"
ABILITY_CARD_Camouflage,"Маскування"
ABILITY_CARD_CaptivatingPerformance,"Чарівне виконання"
ABILITY_CARD_CarelessCharge,"Безрозсудний натиск"
ABILITY_CARD_Cataclysm,"Катаклізм"
ABILITY_CARD_CatastrophicBomb,"Смертоносна бомба"
ABILITY_CARD_Cauterize,"Припікання ран"
ABILITY_CARD_CautiousAdvance,"Обережний наступ"
ABILITY_CARD_ChainLightning,"Ланцюг блискавок"
ABILITY_CARD_ChangeTempo,"Зміна темпу"
ABILITY_CARD_ChimericFormula,"Химерна формула"
ABILITY_CARD_ChromaticExplosion,"Хроматичний вибух"
ABILITY_CARD_ClawsoftheNight,"Кігті ночі"
ABILITY_CARD_CleansingForce,"Сила очищення"
ABILITY_CARD_CleartheWay,"Прохід вільний"
ABILITY_CARD_CleavingAxe,"Сокира, що розсікає"
ABILITY_CARD_CloakofShade,"Плащ Тіні"
ABILITY_CARD_ColdFire,"Холодне полум'я"
ABILITY_CARD_ColdFront,"Холодний фронт"
ABILITY_CARD_CommandingPresence,"Впливова особа"
ABILITY_CARD_ConcealedDominance,"Таємна перевага"
ABILITY_CARD_ConcentratedRage,"Чиста лють"
ABILITY_CARD_ConjuredAid,"Чудова допомога"
ABILITY_CARD_ContinualSupply,"Нескінченний запас"
ABILITY_CARD_ConverttheFlock,"Звернення до віри"
ABILITY_CARD_CorruptingEmbrace,"Згубні обійми"
ABILITY_CARD_CracklingAir,"Тріскуче повітря"
ABILITY_CARD_CraniumOverload,"Вибух мозку"
ABILITY_CARD_CrankBow,"Механічний Лук"
ABILITY_CARD_CrashingWave,"Нищівна хвиля"
ABILITY_CARD_Crater,"Кратер"
ABILITY_CARD_CreepingCurse,"ПРОКЛЯТТЯ, що насувається"
ABILITY_CARD_CripplingBow,"Лук, що жалить"
ABILITY_CARD_CripplingChorus,"Паралізуючий Хор"
ABILITY_CARD_CripplingNoose,"Туга петля"
ABILITY_CARD_CripplingOffensive,"Приголомшлива атака"
ABILITY_CARD_CripplingPoison,"Паралізуюча отрута"
ABILITY_CARD_CrushingGrasp,"Мертва хватка"
ABILITY_CARD_CrushingHammer,"Дробильний молот"
ABILITY_CARD_CrystallizingBlast,"Кристалізація"
ABILITY_CARD_CulltheWeak,"Відстріл слабких"
ABILITY_CARD_CurativeAerosol,"Лікувальний аерозоль"
ABILITY_CARD_CurativeMixture,"Лікувальна мікстура"
ABILITY_CARD_DancingShadows,"Тіні, що танцюють"
ABILITY_CARD_DangerousContraption,"Небезпечне пристосування"
ABILITY_CARD_DarkCloud,"Темна хмара"
ABILITY_CARD_DarkFrenzy,"Темний сказ"
ABILITY_CARD_DarkenedSkies,"Темні небеса"
ABILITY_CARD_Daybreak,"Світанок"
ABILITY_CARD_DazingWound,"Приголомшення"
ABILITY_CARD_DazzlingCharge,"Засліплюючий заряд"
ABILITY_CARD_DefensiveDitty,"Романс про захист"
ABILITY_CARD_DefensiveStance,"Захисна стійка"
ABILITY_CARD_DefensiveTactics,"Оборонна тактика"
ABILITY_CARD_DefianceofDeath,"Заперечення смерті"
ABILITY_CARD_Detonation,"Вибух"
ABILITY_CARD_DevastatingHack,"Нищівний удар"
ABILITY_CARD_DevilHorns,"Роги диявола"
ABILITY_CARD_DigPit,"Яма"
ABILITY_CARD_DirtTornado,"Грязьовий смерч"
ABILITY_CARD_DisappearingWounds,"Рани, що зникають"
ABILITY_CARD_DisintegrationBeam,"Спопеляючий промінь"
ABILITY_CARD_DisorientingDirge,"Панахида"
ABILITY_CARD_DisorientingFlash,"Сліпучий спалах"
ABILITY_CARD_DisorientingRoar,"Дезорієнтуючий Рик"
ABILITY_CARD_DividedMind,"Роздвоєна свідомість"
ABILITY_CARD_DivineIntervention,"Божественне втручання"
ABILITY_CARD_DoNoHarm,"Не нашкодь"
ABILITY_CARD_Domination,"Панування"
ABILITY_CARD_DoomedBreeze,"Приречений бриз"
ABILITY_CARD_DuelistsAdvance,"Випад дуелянта"
ABILITY_CARD_EarthenClod,"Земляний ком"
ABILITY_CARD_EarthenSpikes,"Земляні голки"
ABILITY_CARD_EarthenSteed,"Земляний скакун"
ABILITY_CARD_EchoingAria,"Відлуння далекої арії"
ABILITY_CARD_ElementalAegis,"Захист стихій"
ABILITY_CARD_ElementalAid,"Допомога стихій"
ABILITY_CARD_EmpatheticAssault,"Напад емпатії"
ABILITY_CARD_EmpoweringCommand,"Надихаючий наказ"
ABILITY_CARD_EmpoweringVoid,"Порожнеча, що зміцнює"
ABILITY_CARD_EncompassingShadow,"Тінь, що обволікає"
ABILITY_CARD_EndlessSpikes,"Нарощування шипів"
ABILITY_CARD_EnergizingStrike,"Заряджений удар"
ABILITY_CARD_EnergizingTonic,"Тонізуючий напій"
ABILITY_CARD_EnervatingWound,"Ниюча рана"
ABILITY_CARD_EngulfedinFlames,"Охоплена полум'ям"
ABILITY_CARD_EngulfingRadiance,"Огортаюче сяйво"
ABILITY_CARD_EnhancementField,"Силове поле"
ABILITY_CARD_Epidemic,"Епідемія"
ABILITY_CARD_EternalEquilibrium,"Нескінченна рівновага"
ABILITY_CARD_EtherealManifestation,"Втілення ефіру"
ABILITY_CARD_EtherealVines,"Невидима лоза"
ABILITY_CARD_Euthanize,"Евтаназія"
ABILITY_CARD_ExplosivePunch,"Вибуховий удар"
ABILITY_CARD_Expose,"Викриття"
ABILITY_CARD_EyeforanEye,"Око за око"
ABILITY_CARD_EyeoftheHurricane,"Око бурі"
ABILITY_CARD_EyesoftheNight,"Очі ночі"
ABILITY_CARD_FaceYourEnd,"Обличчям до смерті"
ABILITY_CARD_FatalAdvance,"Смертельний прорив"
ABILITY_CARD_FatalFury,"Нещадний гнів"
ABILITY_CARD_FearsomeBlade,"Зловісний клинок"
ABILITY_CARD_FeedbackLoop,"Зворотній зв'язок"
ABILITY_CARD_FellingSwoop,"Пікіруючий політ"
ABILITY_CARD_FeralInstincts,"Тваринні інстинкти"
ABILITY_CARD_FetidFlurry,"Смердючий шквал"
ABILITY_CARD_FinalFight,"Останній бій"
ABILITY_CARD_FireOrbs,"Вогняні сфери"
ABILITY_CARD_FirstAid,"Перша допомога"
ABILITY_CARD_FlameStrike,"Вогняний удар"
ABILITY_CARD_Flamethrower,"Вогнемет"
ABILITY_CARD_FlankingStrike,"Флангова атака"
ABILITY_CARD_FlashingBurst,"Череда спалахів"
ABILITY_CARD_FlightofFlame,"Політ полум'я"
ABILITY_CARD_Flintlock,"Кремінний пістолет"
ABILITY_CARD_FlurryofAxes,"Шквал сокир"
ABILITY_CARD_FlurryofBlades,"Шквал клинків"
ABILITY_CARD_FocusedAggression,"Спрямована агресія"
ABILITY_CARD_FootSnare,"Капкан"
ABILITY_CARD_ForcefulStorm,"(Елітний) ураган"
ABILITY_CARD_ForcefulSwipe,"Могутній удар"
ABILITY_CARD_ForgedFerocity,"Викувана лютість"
ABILITY_CARD_ForkedBeam,"Подвійний промінь"
ABILITY_CARD_FormlessPower,"Безформна сила"
ABILITY_CARD_FortifiedPosition,"Укріплені позиції"
ABILITY_CARD_FoulWind,"Поганий вітер"
ABILITY_CARD_FreezingNova,"Кільце холоду"
ABILITY_CARD_FrenziedOnslaught,"Шалений напад"
ABILITY_CARD_FreshKill,"Свіже вбивство"
ABILITY_CARD_FrighteningCurse,"Страшне прокляття"
ABILITY_CARD_FrigidApparition,"Льодовий привид"
ABILITY_CARD_FrigidTorrent,"Холодна злива"
ABILITY_CARD_FromtheBrink,"З того світу"
ABILITY_CARD_FrostArmor,"Морозна броня"
ABILITY_CARD_FrozenMind,"Застиглий розум"
ABILITY_CARD_FrozenNight,"Морозна ніч"
ABILITY_CARD_FuriousAid,"Несамовита підтримка"
ABILITY_CARD_GasCanister,"Каністра з паливом"
ABILITY_CARD_GatheringDoom,"Наближення року"
ABILITY_CARD_GentlemansAnger,"Розгніваний джентльмен"
ABILITY_CARD_GiantClub,"Величезна дубина"
ABILITY_CARD_GlassHammer,"Скляний молот"
ABILITY_CARD_GloomDarts,"Похмурі дротики"
ABILITY_CARD_GloriousBolt,"Сяюча стріла"
ABILITY_CARD_GnawingHorde,"Полчище гризунів"
ABILITY_CARD_GrabandGo,"Бери і біжи"
ABILITY_CARD_GraspingVermin,"Чіпкі паразити"
ABILITY_CARD_GraspingtheVoid,"Осягнення порожнечі"
ABILITY_CARD_GravelVortex,"Вихор гравію"
ABILITY_CARD_GrimBargain,"Жахлива угода"
ABILITY_CARD_GrimSustenance,"Суворе виживання"
ABILITY_CARD_GrislyTrauma,"Страшна травма"
ABILITY_CARD_GrowingRage,"Наростаюча лють"
ABILITY_CARD_GruesomeAdvantage,"Небезпечний козир"
ABILITY_CARD_HammerBlow,"Удар молотом"
ABILITY_CARD_Hamstring,"Порвані зв'язки"
ABILITY_CARD_HandoftheSurgeon,"Хірургічна точність"
ABILITY_CARD_HardenedSpikes,"Жорсткі шипи"
ABILITY_CARD_HarmlessContraption,"<size=90%>Безневинне пристосування"
ABILITY_CARD_HarshStimulants,"Сильні стимулятори"
ABILITY_CARD_HastenedStep,"Прискорений крок"
ABILITY_CARD_HeavingSwing,"Відкидний удар"
ABILITY_CARD_HiddenDaggers,"Потаємні кинджали"
ABILITY_CARD_HoldBackthePain,"Знеболювання"
ABILITY_CARD_HolyStrike,"Святий удар"
ABILITY_CARD_HookGun,"Крюкомет"
ABILITY_CARD_HookandChain,"Гак і ланцюг"
ABILITY_CARD_HornedMajesty,"Його рогата величність"
ABILITY_CARD_HostileTakeover,"Захоплення противника"
ABILITY_CARD_HowlingBolts,"Ревучі стріли"
ABILITY_CARD_IceSpikes,"Крижані шипи"
ABILITY_CARD_IcyBlast,"Крижаний заряд"
ABILITY_CARD_IlluminatetheTarget,"Підсвічування ЦІЛІ"
ABILITY_CARD_Immortality,"Безсмертя"
ABILITY_CARD_ImmovablePhalanx,"Нерухома фаланга"
ABILITY_CARD_ImpalingEruption,"Пронизливий сплеск"
ABILITY_CARD_ImpalingSpear,"Спис, що пронизує"
ABILITY_CARD_ImpendingEnd,"Неминучий кінець"
ABILITY_CARD_InescapableFate,"Неминучість"
ABILITY_CARD_InexorableMomentum,"Неминучий імпульс"
ABILITY_CARD_InfernalVortex,"Пекельний вир"
ABILITY_CARD_Inferno,"Пекло"
ABILITY_CARD_InkBomb,"Чорнильна бомба"
ABILITY_CARD_InspiringAnthem,"Надихаючий гімн"
ABILITY_CARD_InspiringSanctity,"Святість, що надихає"
ABILITY_CARD_InterplanarMastery,"Майстер порталів"
ABILITY_CARD_InterveningApparitions,"Втручання привидів"
ABILITY_CARD_IntotheNight,"Зникаюча в ночі"
ABILITY_CARD_IronBulwark,"Залізний оплот"
ABILITY_CARD_JawsofDeath,"Смертельні щелепи"
ABILITY_CARD_JetPropulsion,"Реактивна тяга"
ABILITY_CARD_Juggernaut,"Джаггернаут"
ABILITY_CARD_KineticAssault,"Стрімкий напад"
ABILITY_CARD_KingoftheHill,"Цар гори"
ABILITY_CARD_LargeMedicalPack,"Велика аптечка"
ABILITY_CARD_LashOut,"Раптова відсіч"
ABILITY_CARD_LavaEruption,"Виверження"
ABILITY_CARD_LayonHands,"Прикласти руку"
ABILITY_CARD_LeadtoSlaughter,"Той, хто веде на бійню"
ABILITY_CARD_LeapingCleave,"Розсічення"
ABILITY_CARD_LeatheryWings,"Перетинчасті крила"
ABILITY_CARD_LethalInjection,"Смертельна ін'єкція"
ABILITY_CARD_LivingMountain,"Жива гора"
ABILITY_CARD_LivingNight,"Жвава ніч"
ABILITY_CARD_LivingTorch,"Живий факел"
ABILITY_CARD_LongCon,"Великий блеф"
ABILITY_CARD_LongRest,"Довгий відпочинок"
ABILITY_CARD_LumberingBash,"Рубаючий удар"
ABILITY_CARD_LurkingRuin,"Напад, що чекає на нас"
ABILITY_CARD_MalleableEvocation,"Мінлива реакція"
ABILITY_CARD_ManaBolt,"Стріла мани"
ABILITY_CARD_ManyasOne,"Усі як один"
ABILITY_CARD_MarchingBeat,"У ритмі маршу"
ABILITY_CARD_MassExtinction,"Масове в'янення"
ABILITY_CARD_MassHysteria,"Масова істерія"
ABILITY_CARD_MassiveBoulder,"Величезний валун"
ABILITY_CARD_MasterPhysician,"Досвідчений терапевт"
ABILITY_CARD_Maul,"Розтерзання"
ABILITY_CARD_MedicalPack,"Аптечка"
ABILITY_CARD_MelodyandHarmony,"Мелодія і гармонія"
ABILITY_CARD_Meteor,"Метеор"
ABILITY_CARD_MicroBots,"Мікророботи"
ABILITY_CARD_MightyBond,"Потужні кайдани"
ABILITY_CARD_MobileResponse,"Невідкладна допомога"
ABILITY_CARD_MobilizingAxiom,"Аксіома мобілізації"
ABILITY_CARD_MobilizingMeasure,"Затакт"
ABILITY_CARD_MultiProngedAssault,"Облава"
ABILITY_CARD_MurderousContraption,"Убивче пристосування"
ABILITY_CARD_NaturalRemedy,"Природні ліки"
ABILITY_CARD_NaturesHunger,"Голод природи"
ABILITY_CARD_NaturesLift,"Буяння природи"
ABILITY_CARD_NegativeEnergy,"Негативна енергія"
ABILITY_CARD_NetShooter,"Сіткомет"
ABILITY_CARD_Nightfall,"Сутінки"
ABILITY_CARD_NightmareSerenade,"Кошмарна серенада"
ABILITY_CARD_NightmarishAffliction,"Кошмарна недуга"
ABILITY_CARD_NimbleKnife,"Трюк із ножем"
ABILITY_CARD_NoxiousVials,"Токсичні склянки"
ABILITY_CARD_NumbthePain,"Притупити біль"
ABILITY_CARD_ObsidianShards,"Обсидіанові осколки"
ABILITY_CARD_OozingManifestation,"Слизьке втілення"
ABILITY_CARD_OpenWound,"Відкрита рана"
ABILITY_CARD_OpposingStrike,"Ударний рефлекс"
ABILITY_CARD_OtherworldlyRage,"Потойбічна лють"
ABILITY_CARD_OversizedPack,"Величезний рюкзак"
ABILITY_CARD_OverwhelmingAssault,"Придушення"
ABILITY_CARD_PainsEnd,"Припинення мук"
ABILITY_CARD_ParalyzingBite,"Паралізуючий укус"
ABILITY_CARD_ParasiticInfluence,"Паразитизм"
ABILITY_CARD_PatchFur,"Підлатати хутро"
ABILITY_CARD_PathofGlory,"Шлях слави"
ABILITY_CARD_PerverseEdge,"Порочний талант"
ABILITY_CARD_Petrify,"Перетворення на камінь"
ABILITY_CARD_PhantasmalKiller,"Примарна вбивця"
ABILITY_CARD_Pilfer,"Приховати!"
ABILITY_CARD_PortableBallista,"Переносна баліста"
ABILITY_CARD_Possession,"Підкорення"
ABILITY_CARD_PotentPotables,"Міцні зілля"
ABILITY_CARD_PowerBallad,"Балада про силу"
ABILITY_CARD_PracticalPlans,"Практичний план"
ABILITY_CARD_PragmaticReinforcement,"Своєчасне підкріплення"
ABILITY_CARD_Precaution,"Обережність"
ABILITY_CARD_PredatorandPrey,"Хижак і жертва"
ABILITY_CARD_PreparefortheKill,"Підготовка до вбивства"
ABILITY_CARD_PrepforSurgery,"Підготовка до операції"
ABILITY_CARD_Prescription,"За рецептом лікаря"
ABILITY_CARD_PresstheAttack,"В Атаку!"
ABILITY_CARD_PreventionIsKey,"Важливість профілактики"
ABILITY_CARD_PrimalBlessing,"Первісний дар"
ABILITY_CARD_PrimalDuality,"Базовий дуалізм"
ABILITY_CARD_Proficiency,"Кваліфікація"
ABILITY_CARD_ProtectiveBlessing,"Оберіг"
ABILITY_CARD_ProvokeTerror,"Нагнітання страху"
ABILITY_CARD_ProvokingRoar,"Загрозливий рик"
ABILITY_CARD_ProximityMine,"Безконтактна міна"
ABILITY_CARD_PsychicProjection,"Психозахист"
ABILITY_CARD_PulltheStrings,"Танцювати під чужу лютню"
ABILITY_CARD_Pulverize,"Стерти до порошку"
ABILITY_CARD_PunchThrough,"Пробиття"
ABILITY_CARD_PureAugmentation,"Чисте посилення"
ABILITY_CARD_PurifyingAura,"Аура очищення"
ABILITY_CARD_QuickHands,"Спритність рук"
ABILITY_CARD_QuietFrenzy,"Тихе божевілля"
ABILITY_CARD_Quietus,"Добивання"
ABILITY_CARD_QuiverofArrows,"Сагайдак стріл"
ABILITY_CARD_RacetotheGrave,"Загнати до смерті"
ABILITY_CARD_RainofArrows,"Град стріл"
ABILITY_CARD_Rampage,"Сказ"
ABILITY_CARD_RawEnhancement,"Грубе поліпшення"
ABILITY_CARD_RecklessOffensive,"Відчайдушна атака"
ABILITY_CARD_Reforge,"Перековка"
ABILITY_CARD_Refreshment,"Відновлення"
ABILITY_CARD_RegenerativeTissue,"Регенерація тканин"
ABILITY_CARD_ReinforcedSteel,"Арматурна сталь"
ABILITY_CARD_ReinvigoratingElixir,"Оживляючий еліксир"
ABILITY_CARD_RelentlessAlly,"Жорстокий союзник"
ABILITY_CARD_RelentlessOffensive,"Жорстокий напад"
ABILITY_CARD_ResearchtheCure,"Пошук ліків"
ABILITY_CARD_ReservedEnergy,"Друге дихання"
ABILITY_CARD_ResoluteStand,"Рішуча відсіч"
ABILITY_CARD_Restock,"Поповнення запасів"
ABILITY_CARD_RestorativeMist,"Підбадьорливий пил"
ABILITY_CARD_RevivingEther,"Ефірне відродження"
ABILITY_CARD_RevivingShock,"Імпульсна стимуляція"
ABILITY_CARD_RidetheWind,"Осідлати вітер"
ABILITY_CARD_RighteousStrength,"Праведна сила"
ABILITY_CARD_RisingMomentum,"Наростаючий імпульс"
ABILITY_CARD_RockSlide,"Каменепад"
ABILITY_CARD_RockTunnel,"Кам'яний тунель"
ABILITY_CARD_RockyEnd,"Кам'яний завал"
ABILITY_CARD_RotMaggots,"Гнійні личинки"
ABILITY_CARD_RumblingAdvance,"Гуркітливий натиск"
ABILITY_CARD_SapLife,"Життєві соки"
ABILITY_CARD_ScalesofJustice,"Терези правосуддя"
ABILITY_CARD_ScatteredTerror,"Розсіяний жах"
ABILITY_CARD_ScrollofAnnihilation,"Сувій знищення"
ABILITY_CARD_ScrollofBlizzards,"Сувій хуртовини"
ABILITY_CARD_ScrollofJudgment,"Сувій правосуддя"
ABILITY_CARD_ScrollofLightning,"Сувій блискавок"
ABILITY_CARD_ScrollofRecall,"Сувій повернення"
ABILITY_CARD_Scurry,"Мишача метушня"
ABILITY_CARD_SeeingRed,"Червона пелена"
ABILITY_CARD_SelfishRetribution,"Розплата егоїста"
ABILITY_CARD_SentientGrowth,"Усвідомлене зростання"
ABILITY_CARD_ShadowPuppets,"Тіньові маріонетки"
ABILITY_CARD_ShapingtheAether,"Формування ефіру"
ABILITY_CARD_SharedNightmare,"Загальний кошмар"
ABILITY_CARD_SharpeningKit,"Набір для заточування"
ABILITY_CARD_ShieldBash,"Удар щитом"
ABILITY_CARD_ShinyDistraction,"Відволікаючий блиск"
ABILITY_CARD_SidePouch,"Поясна сумка"
ABILITY_CARD_SilentForce,"Безшумна сила"
ABILITY_CARD_SilentScream,"Безмовний крик"
ABILITY_CARD_Simulacrum,"Подібність"
ABILITY_CARD_SingingArrow,"Співоча стріла"
ABILITY_CARD_SingleOut,"Намічена ЦІЛЬ"
ABILITY_CARD_SingularFocus,"Пильна увага"
ABILITY_CARD_SinisterOpportunity,"Підлий прийом"
ABILITY_CARD_Skewer,"Вертел"
ABILITY_CARD_SkirmishingManeuver,"Тактичний маневр"
ABILITY_CARD_SmokeBomb,"Димова шашка"
ABILITY_CARD_SmokeStep,"Крок у серпанку"
ABILITY_CARD_SoaringAlly,"Парящий союзник"
ABILITY_CARD_SolidBow,"Міцний Лук"
ABILITY_CARD_SongofSpeed,"Пісня про швидкість"
ABILITY_CARD_SoothingLullaby,"Втішна музика"
ABILITY_CARD_Soulfire,"Опік душі"
ABILITY_CARD_SpareDagger,"Припасений кинджал"
ABILITY_CARD_SpecialMixture,"Особливий рецепт"
ABILITY_CARD_SpikedArmor,"Шипаста броня"
ABILITY_CARD_SpiritSwap,"Підміна душ"
ABILITY_CARD_SpiritofDoom,"Дух приреченості"
ABILITY_CARD_SpiritoftheNight,"Дух ночі"
ABILITY_CARD_SpreadingScourge,"Кара небес"
ABILITY_CARD_SpreadthePlague,"Поширення мору"
ABILITY_CARD_SpringtheTrap,"Капкан зачинився"
ABILITY_CARD_StaffofVisions,"Посох видінь"
ABILITY_CARD_StaminaBooster,"Ін'єкція витривалості"
ABILITY_CARD_SticktotheShadows,"Не виходячи з тіні"
ABILITY_CARD_StilettoStorm,"Ураган стилетів"
ABILITY_CARD_StingingCloud,"Хмара, що жалить"
ABILITY_CARD_StokingHail,"Пекучий град"
ABILITY_CARD_StoneFists,"Кам'яні кулаки"
ABILITY_CARD_StonePummel,"Закидання камінням"
ABILITY_CARD_StoneSigil,"Кам'яний знак"
ABILITY_CARD_StormSigil,"Знак бурі"
ABILITY_CARD_StormofWings,"Крилата буря"
ABILITY_CARD_StrengthinAgony,"Сила в стражданнях"
ABILITY_CARD_StrengthinNumbers,"Чисельна перевага"
ABILITY_CARD_StunShot,"Шокер"
ABILITY_CARD_SubmissiveAffliction,"Смиренна скорбота"
ABILITY_CARD_SuccumbtotheGift,"Смертоносний дар"
ABILITY_CARD_SupportiveChant,"Стройова пісня"
ABILITY_CARD_SurgeonsSatchel,"Хірургічний саквояж"
ABILITY_CARD_SwallowedbyFear,"Всепоглинаючий страх"
ABILITY_CARD_SweepingBlow,"Удар, що змітає"
ABILITY_CARD_SwiftBow,"Скорострільний лук"
ABILITY_CARD_SwiftTrickery,"Спритний трюк"
ABILITY_CARD_Syringe,"Шприц"
ABILITY_CARD_TacticalOrder,"Тактична перестановка"
ABILITY_CARD_Teamwork,"Командна робота"
ABILITY_CARD_TeartheFabric,"Розрив матерії"
ABILITY_CARD_TerrorBlade,"Клинок жаху"
ABILITY_CARD_TheHuntBegins,"Полювання починається"
ABILITY_CARD_TheMawofMadness,"Черево божевілля"
ABILITY_CARD_TheMindsWeakness,"Помутніння розуму"
ABILITY_CARD_ThiefsKnack,"Злодійська вправність"
ABILITY_CARD_ThrowVoice,"Черевомовлення"
ABILITY_CARD_ThrowingKnives,"Метальні ножі"
ABILITY_CARD_TinkerersTools,"Інструменти винахідника"
ABILITY_CARD_ToxicBolt,"Отруєна стріла"
ABILITY_CARD_Trample,"Тупіт"
ABILITY_CARD_TranquilTrill,"Безтурботна трель"
ABILITY_CARD_TremulantCyclone,"Тремтячий циклон"
ABILITY_CARD_Triage,"У порядку черги"
ABILITY_CARD_TribalSigil,"Знак племені"
ABILITY_CARD_TrickstersReversal,"Шарлатанський трюк"
ABILITY_CARD_TuningtheOutcome,"На свій лад"
ABILITY_CARD_TwinRestoration,"Подвійне відновлення"
ABILITY_CARD_TyrannicalForce,"Сила володаря"
ABILITY_CARD_UnbridledPower,"Неприборкана міць"
ABILITY_CARD_UndertheSkin,"Підшкірні кліщі"
ABILITY_CARD_UnendingChant,"Монотонний розспів"
ABILITY_CARD_UnendingDominance,"Вічне панування"
ABILITY_CARD_UnseenDread,"Незримий жах"
ABILITY_CARD_UnstableUpheaval,"Тектонічний зсув"
ABILITY_CARD_UnstoppableBeast,"Нестримний звір"
ABILITY_CARD_UnstoppableCharge,"Нестримний натиск"
ABILITY_CARD_UnstoppableDestruction,"Жага до руйнування"
ABILITY_CARD_UnwaveringHand,"Рішучий жест"
ABILITY_CARD_UnwaveringMandate,"Термінове доручення"
ABILITY_CARD_Vaccine,"Вакцина"
ABILITY_CARD_Vengeance,"Помста"
ABILITY_CARD_VengefulBarrage,"Вогонь у відповідь"
ABILITY_CARD_VenomShiv,"Отруйна заточка"
ABILITY_CARD_VenomousAlly,"Отруйний союзник"
ABILITY_CARD_ViciousAlly,"Кровожерливий союзник"
ABILITY_CARD_ViciousBlood,"Погана кров"
ABILITY_CARD_VilePestilence,"Моторошний мор"
ABILITY_CARD_VirulentStrain,"Небезпечний штам"
ABILITY_CARD_VisageoftheInevitable,"Лик неминучості"
ABILITY_CARD_VitalCharge,"Заряд енергії"
ABILITY_CARD_VitalStrike,"Смертельний удар"
ABILITY_CARD_VoiceoftheNight,"Голос ночі"
ABILITY_CARD_VolatileConcoction,"Летюча суміш"
ABILITY_CARD_VolatileConsumption,"Змінна витрата"
ABILITY_CARD_VolatileFlame,"Примхливе полум'я"
ABILITY_CARD_WallofDoom,"Стіна рока"
ABILITY_CARD_WardingDagger,"Кинджал, що парирує"
ABILITY_CARD_WardingStrength,"Захисна Сила"
ABILITY_CARD_WatchItBurn,"Займання"
ABILITY_CARD_WeaponofPurity,"Зброя непорочності"
ABILITY_CARD_Whirlwind,"Торнадо"
ABILITY_CARD_WildAnimation,"Дика енергія"
ABILITY_CARD_WildCommand,"Спонтанний наказ"
ABILITY_CARD_WillingSacrifice,"Добровільна жертва"
ABILITY_CARD_WingedCongregation,"Крилата паства"
ABILITY_CARD_WingsoftheNight,"Крила ночі"
ABILITY_CARD_WintersEdge,"Клинок зими"
ABILITY_CARD_WistfulWounding,"Душевні рани"
ABILITY_CARD_WitheringClaw,"Кігті в'янення"
ABILITY_CARD_WretchedCreature,"Мерзенне створіння"
ABILITY_CARD_WretchedSwarm,"Мерзенний рій"
ABILITY_CARD_ZephyrWings,"На крилах зефіру"
ADVENTURE_ACHIEVEMENT_1_1_BeastTyrantReachLevel2,"Друїд"
ADVENTURE_ACHIEVEMENT_1_1_BeastTyrantReachLevel2_Desc,"Володар Звірів досяг 2 рівня"
ADVENTURE_ACHIEVEMENT_1_1_BerserkerReachLevel2,"Варвар"
ADVENTURE_ACHIEVEMENT_1_1_BerserkerReachLevel2_Desc,"Берсерк досяг рівня 2"
ADVENTURE_ACHIEVEMENT_1_1_BruteReachLevel2,"Танк"
ADVENTURE_ACHIEVEMENT_1_1_BruteReachLevel2_Desc,"Дикун досяг рівня 2"
ADVENTURE_ACHIEVEMENT_1_1_BuffAllies,"Мене немає в Гільдії найманців"
ADVENTURE_ACHIEVEMENT_1_1_BuffAllies_Desc,"Посильте, Благословіть або Вилікуйте союзника 40 разів"
ADVENTURE_ACHIEVEMENT_1_1_ControlAllies,"Капітан на містку!"
ADVENTURE_ACHIEVEMENT_1_1_ControlAllies_Desc,"Використовувати на союзниках здібності контролю 30 разів"
ADVENTURE_ACHIEVEMENT_1_1_CragheartReachLevel2,"Скеля"
ADVENTURE_ACHIEVEMENT_1_1_CragheartReachLevel2_Desc,"Пустотілий досяг рівня 2"
ADVENTURE_ACHIEVEMENT_1_1_DoomstalkerReachLevel2,"Рейнджер"
ADVENTURE_ACHIEVEMENT_1_1_DoomstalkerReachLevel2_Desc,"Прирікач досяг рівня 2"
ADVENTURE_ACHIEVEMENT_1_1_ElementalistReachLevel2,"Призма"
ADVENTURE_ACHIEVEMENT_1_1_ElementalistReachLevel2_Desc,"Елементаліст досяг рівня 2"
ADVENTURE_ACHIEVEMENT_1_1_EnemyTakeDamageTraps,"Ти щойно потрапив у мою пастку!"
ADVENTURE_ACHIEVEMENT_1_1_EnemyTakeDamageTraps_Desc,"Вороги отримали 50 шкоди від пасток"
ADVENTURE_ACHIEVEMENT_1_1_InflictMajorPoison,"Життя - злочин, вирок - смерть!"
ADVENTURE_ACHIEVEMENT_1_1_InflictMajorPoison_Desc,"Нанести 50 разів Отруту"
ADVENTURE_ACHIEVEMENT_1_1_InfuseAll,"Повелитель магії"
ADVENTURE_ACHIEVEMENT_1_1_InfuseAll_Desc,"Підвищіть по одній Стихії кожного типу"
ADVENTURE_ACHIEVEMENT_1_1_InfuseDark,"Темний лорд"
ADVENTURE_ACHIEVEMENT_1_1_InfuseDark_Desc,"Підвищити стихію Темряви 30 разів"
ADVENTURE_ACHIEVEMENT_1_1_InfuseLight,"Бережи нас, Оролам!"
ADVENTURE_ACHIEVEMENT_1_1_InfuseLight_Desc,"Підвищити Світло 30 разів"
ADVENTURE_ACHIEVEMENT_1_1_KillBanditArchers_1,"Зарядити пастку"
ADVENTURE_ACHIEVEMENT_1_1_KillBanditArchers_1_Desc,"Убити 10 Розбійників-лучниць"
ADVENTURE_ACHIEVEMENT_1_1_KillBanditArchers_2,"Ігри джентльменів"
ADVENTURE_ACHIEVEMENT_1_1_KillBanditArchers_2_Desc,"Убити 100 Розбійників-лучниць"
ADVENTURE_ACHIEVEMENT_1_1_KillBanditGuards_1,"Встати і доставити"
ADVENTURE_ACHIEVEMENT_1_1_KillBanditGuards_1_Desc,"Убити 10 Розбійників-стражів"
ADVENTURE_ACHIEVEMENT_1_1_KillBanditGuards_2,"Злочин і покарання"
ADVENTURE_ACHIEVEMENT_1_1_KillBanditGuards_2_Desc,"Убити 100 Розбійників-стражів"
ADVENTURE_ACHIEVEMENT_1_1_KillBandits,"Сусідська варта"
ADVENTURE_ACHIEVEMENT_1_1_KillBandits_Desc,"Убити 10 розбійників"
ADVENTURE_ACHIEVEMENT_1_1_KillBoneRangers_1,"Вилазка!"
ADVENTURE_ACHIEVEMENT_1_1_KillBoneRangers_1_Desc,"Убити 10 Кістяних Рейнджерів"
ADVENTURE_ACHIEVEMENT_1_1_KillBoneRangers_2,"Клаату Барада... Краватка"
ADVENTURE_ACHIEVEMENT_1_1_KillBoneRangers_2_Desc,"Убити 100 Кістяних Рейнджерів"
ADVENTURE_ACHIEVEMENT_1_1_KillCultists_1,"Прямо з Іннсмута"
ADVENTURE_ACHIEVEMENT_1_1_KillCultists_1_Desc,"Убити 10 Культистів"
ADVENTURE_ACHIEVEMENT_1_1_KillCultists_2,"Езотеричний Орден"
ADVENTURE_ACHIEVEMENT_1_1_KillCultists_2_Desc,"Убити 100 Культистів"
ADVENTURE_ACHIEVEMENT_1_1_KillDifferentEnemies,"Збирач кісток"
ADVENTURE_ACHIEVEMENT_1_1_KillDifferentEnemies_Desc,"Убити 12 типів ворогів"
ADVENTURE_ACHIEVEMENT_1_1_KillHounds_1,"Не схоже на гончого собаку..."
ADVENTURE_ACHIEVEMENT_1_1_KillHounds_1_Desc,"Убити 10 Гончих"
ADVENTURE_ACHIEVEMENT_1_1_KillHounds_2,"... помирає весь час"
ADVENTURE_ACHIEVEMENT_1_1_KillHounds_2_Desc,"Убити 100 Гончих"
ADVENTURE_ACHIEVEMENT_1_1_KillLivingBones_1,"Костолом"
ADVENTURE_ACHIEVEMENT_1_1_KillLivingBones_1_Desc,"Убити 10 ожилих кісток"
ADVENTURE_ACHIEVEMENT_1_1_KillLivingBones_2,"Костемол"
ADVENTURE_ACHIEVEMENT_1_1_KillLivingBones_2_Desc,"Убити 100 ожилих кісток"
ADVENTURE_ACHIEVEMENT_1_1_KillLivingCorpses_1,"Світанок мерців"
ADVENTURE_ACHIEVEMENT_1_1_KillLivingCorpses_1_Desc,"Убити 10 ожилих трупів"
ADVENTURE_ACHIEVEMENT_1_1_KillLivingCorpses_2,"День мертвих"
ADVENTURE_ACHIEVEMENT_1_1_KillLivingCorpses_2_Desc,"Убити 100 ожилих трупів"
ADVENTURE_ACHIEVEMENT_1_1_KillLivingSpirits_1,"Кому ти подзвониш?"
ADVENTURE_ACHIEVEMENT_1_1_KillLivingSpirits_1_Desc,"Убити 10 ожилих духів"
ADVENTURE_ACHIEVEMENT_1_1_KillLivingSpirits_2,"Я не боюся ніяких духів!"
ADVENTURE_ACHIEVEMENT_1_1_KillLivingSpirits_2_Desc,"Убити 100 Ожилих духів"
ADVENTURE_ACHIEVEMENT_1_1_KillMuddlePoison,"Послушник Зорн"
ADVENTURE_ACHIEVEMENT_1_1_KillMuddlePoison_Desc,"Убити 50 ворогів, які в Сум'ятті або Отруєні"
ADVENTURE_ACHIEVEMENT_1_1_KillSummonLivingBones,"Убий, Убий, Убий їх усіх!!!"
ADVENTURE_ACHIEVEMENT_1_1_KillSummonLivingBones_Desc,"Убити 30 Покликаних ожилих кісток"
ADVENTURE_ACHIEVEMENT_1_1_KillVermlingScouts_1,"Пахне щуром!"
ADVENTURE_ACHIEVEMENT_1_1_KillVermlingScouts_1_Desc,"Убити 20 Вермлінгів-розвідників"
ADVENTURE_ACHIEVEMENT_1_1_KillVermlingScouts_2,"Ви - брудні щури!"
ADVENTURE_ACHIEVEMENT_1_1_KillVermlingScouts_2_Desc,"Убити 200 Вермлінгів-розвідників"
ADVENTURE_ACHIEVEMENT_1_1_KillVermlingShamans_1,"Щуролов"
ADVENTURE_ACHIEVEMENT_1_1_KillVermlingShamans_1_Desc,"Убити 10 Вермлінгів-шаманів"
ADVENTURE_ACHIEVEMENT_1_1_KillVermlingShamans_2,"Крисменатор"
ADVENTURE_ACHIEVEMENT_1_1_KillVermlingShamans_2_Desc,"Убити 100 Вермлінгів-шаманів"
ADVENTURE_ACHIEVEMENT_1_1_MercsKilledByEnemies,"Питання життя і смерті"
ADVENTURE_ACHIEVEMENT_1_1_MercsKilledByEnemies_Desc,"Втратити вбитими 10 найманців"
ADVENTURE_ACHIEVEMENT_1_1_MindthiefReachLevel2,"Сила розуму"
ADVENTURE_ACHIEVEMENT_1_1_MindthiefReachLevel2_Desc,"Думкокрадійка досягла рівня 2"
ADVENTURE_ACHIEVEMENT_1_1_NightshroudReachLevel2,"Асасин"
ADVENTURE_ACHIEVEMENT_1_1_NightshroudReachLevel2_Desc,"Нічнотінь досяг 2 рівня"
ADVENTURE_ACHIEVEMENT_1_1_PlagueheraldReachLevel2,"Прокляття"
ADVENTURE_ACHIEVEMENT_1_1_PlagueheraldReachLevel2_Desc,"Моровісник досяг рівня 2"
ADVENTURE_ACHIEVEMENT_1_1_QuartermasterReachLevel2,"Зброяр"
ADVENTURE_ACHIEVEMENT_1_1_QuartermasterReachLevel2_Desc,"Інтендант досяг рівня 2"
ADVENTURE_ACHIEVEMENT_1_1_SawbonesReachLevel2,"Доктор"
ADVENTURE_ACHIEVEMENT_1_1_SawbonesReachLevel2_Desc,"Костоправ досяг рівня 2"
ADVENTURE_ACHIEVEMENT_1_1_ScoundrelReachLevel2,"Злодійка"
ADVENTURE_ACHIEVEMENT_1_1_ScoundrelReachLevel2_Desc,"Шахрайка досягла рівня 2"
ADVENTURE_ACHIEVEMENT_1_1_SoothsingerReachLevel2,"Бард"
ADVENTURE_ACHIEVEMENT_1_1_SoothsingerReachLevel2_Desc,"Оспівувачка досягла рівня 2"
ADVENTURE_ACHIEVEMENT_1_1_SpellweaverReachLevel2,"Заклинатель"
ADVENTURE_ACHIEVEMENT_1_1_SpellweaverReachLevel2_Desc,"Чародійниця досягла рівня 2"
ADVENTURE_ACHIEVEMENT_1_1_SummonerReachLevel2,"Фокусник"
ADVENTURE_ACHIEVEMENT_1_1_SummonerReachLevel2_Desc,"Прикликачка досягла рівня 2"
ADVENTURE_ACHIEVEMENT_1_1_SunkeeperReachLevel2,"Паладин"
ADVENTURE_ACHIEVEMENT_1_1_SunkeeperReachLevel2_Desc,"Хранителька Сонця досягла рівня 2"
ADVENTURE_ACHIEVEMENT_1_1_TakeDamage,"Стріла в коліні"
ADVENTURE_ACHIEVEMENT_1_1_TakeDamageNonAttacks,"Біль? Ще, давай ЩЕ!"
ADVENTURE_ACHIEVEMENT_1_1_TakeDamageNonAttacks_Desc,"Отримайте 50 шкоди з інших джерел, крім атак"
ADVENTURE_ACHIEVEMENT_1_1_TakeDamage_Desc,"Отримайте 20 шкоди"
ADVENTURE_ACHIEVEMENT_1_1_TinkererReachLevel2,"Винахідник"
ADVENTURE_ACHIEVEMENT_1_1_TinkererReachLevel2_Desc,"Винахідник досяг рівня 2"
ADVENTURE_ACHIEVEMENT_1_1_UnlockLocations,"Узбережжя прянощів"
ADVENTURE_ACHIEVEMENT_1_1_UnlockLocations_Desc,"Відкрийте 9 локацій"
ADVENTURE_ACHIEVEMENT_1_1_UseItems,"А ось це - ніж!"
ADVENTURE_ACHIEVEMENT_1_1_UseItems_Desc,"Використовувати 30 предметів"
ADVENTURE_ACHIEVEMENT_1_2_ConsumeAir,"Майстерність Повітря"
ADVENTURE_ACHIEVEMENT_1_2_ConsumeAir_Desc,"Використовуйте 15 стихій Повітря"
ADVENTURE_ACHIEVEMENT_1_2_ConsumeAny,"Елементальна майстерність"
ADVENTURE_ACHIEVEMENT_1_2_ConsumeAny_Desc,"Досягніть майстерності в 6 стихіях"
ADVENTURE_ACHIEVEMENT_1_2_ConsumeDark,"Майстерність Темряви"
ADVENTURE_ACHIEVEMENT_1_2_ConsumeDark_Desc,"Використовуйте 15 стихій Темряви"
ADVENTURE_ACHIEVEMENT_1_2_ConsumeEarth,"Майстерність Землі"
ADVENTURE_ACHIEVEMENT_1_2_ConsumeEarth_Desc,"Використовуйте 15 стихій Землі"
ADVENTURE_ACHIEVEMENT_1_2_ConsumeFire,"Майстерність Вогню"
ADVENTURE_ACHIEVEMENT_1_2_ConsumeFire_Desc,"Використовуйте 15 стихій Вогню"
ADVENTURE_ACHIEVEMENT_1_2_ConsumeIce,"Майстерність Льоду"
ADVENTURE_ACHIEVEMENT_1_2_ConsumeIce_Desc,"Використовуйте 15 стихій Льоду"
ADVENTURE_ACHIEVEMENT_1_2_ConsumeLight,"Майстерність Світла"
ADVENTURE_ACHIEVEMENT_1_2_ConsumeLight_Desc,"Використовуйте 15 стихій Світла"
ADVENTURE_ACHIEVEMENT_1_2_DamagePoison,"Той, хто робить вдовами"
ADVENTURE_ACHIEVEMENT_1_2_DamagePoison_Desc,"Нанесіть 40 Додаткової шкоди через Отруєння"
ADVENTURE_ACHIEVEMENT_1_2_DealRangedDamage,"Смертельний стрілець"
ADVENTURE_ACHIEVEMENT_1_2_DealRangedDamage_Desc,"Нанесіть 100 шкоди Дальніми атаками"
ADVENTURE_ACHIEVEMENT_1_2_InflictCurse,"Майстерність Проклять"
ADVENTURE_ACHIEVEMENT_1_2_InflictCurse_Desc,"Накладіть Прокляття 20 разів"
ADVENTURE_ACHIEVEMENT_1_2_InflictDisarm,"Майстер роззброєння"
ADVENTURE_ACHIEVEMENT_1_2_InflictDisarm_Desc,"Знезбройте 20 разів"
ADVENTURE_ACHIEVEMENT_1_2_InflictImmobilize,"Майстер паралічу"
ADVENTURE_ACHIEVEMENT_1_2_InflictImmobilize_Desc,"Накладіть Параліч 20 разів"
ADVENTURE_ACHIEVEMENT_1_2_InflictMuddle,"Майстер дезорієнтація"
ADVENTURE_ACHIEVEMENT_1_2_InflictMuddle_Desc,"Накладіть Дезорієнтація 20 разів"
ADVENTURE_ACHIEVEMENT_1_2_InflictPoison,"Майстер Отруєння"
ADVENTURE_ACHIEVEMENT_1_2_InflictPoison_Desc,"Накладіть Отруєння 20 разів"
ADVENTURE_ACHIEVEMENT_1_2_InflictWound,"Майстерність поранення"
ADVENTURE_ACHIEVEMENT_1_2_InflictWound_Desc,"Нанесіть 20 ран"
ADVENTURE_ACHIEVEMENT_1_2_KillGiantVipers_1,"Змії, ну чому це змії?"
ADVENTURE_ACHIEVEMENT_1_2_KillGiantVipers_1_Desc,"Убити 20 Гігантських Гадюк"
ADVENTURE_ACHIEVEMENT_1_2_KillGiantVipers_2,"Гадюки... Дуже небезпечні... Іди першим."
ADVENTURE_ACHIEVEMENT_1_2_KillGiantVipers_2_Desc,"Убити 20 Гігантських Гадюк"
ADVENTURE_ACHIEVEMENT_1_2_KillInoxArchers_1,"У яблучко!"
ADVENTURE_ACHIEVEMENT_1_2_KillInoxArchers_1_Desc,"Убити 10 Іноксів-лучників"
ADVENTURE_ACHIEVEMENT_1_2_KillInoxArchers_2,"Сто вісімдесят! (Мінус 80)"
ADVENTURE_ACHIEVEMENT_1_2_KillInoxArchers_2_Desc,"Убити 100 Іноксів-лучників"
ADVENTURE_ACHIEVEMENT_1_2_KillInoxGuards_1,"Насторожі"
ADVENTURE_ACHIEVEMENT_1_2_KillInoxGuards_1_Desc,"Убити 10 Іноксів-стражниць"
ADVENTURE_ACHIEVEMENT_1_2_KillInoxGuards_2,"Зіткнутися лобами"
ADVENTURE_ACHIEVEMENT_1_2_KillInoxGuards_2_Desc,"Убити 100 Іноксів-стражниць"
ADVENTURE_ACHIEVEMENT_1_2_KillInoxShamans_1,"Є лікар?"
ADVENTURE_ACHIEVEMENT_1_2_KillInoxShamans_1_Desc,"Убити 10 Іноксів-шаманів"
ADVENTURE_ACHIEVEMENT_1_2_KillInoxShamans_2,"Дієнокс"
ADVENTURE_ACHIEVEMENT_1_2_KillInoxShamans_2_Desc,"Убити 100 Іноксів-шаманів"
ADVENTURE_ACHIEVEMENT_1_2_MoveAmount,"Майстер руху"
ADVENTURE_ACHIEVEMENT_1_2_MoveAmount_Desc,"Пройти 300 клітин"
ADVENTURE_ACHIEVEMENT_1_2_PierceShield,"Присобачити гострим кінцем"
ADVENTURE_ACHIEVEMENT_1_2_PierceShield_Desc,"Здійснити Пробій 30 очок Щита"
ADVENTURE_ACHIEVEMENT_1_2_ReachDemonspineHollow,"Нова глава чекає"
ADVENTURE_ACHIEVEMENT_1_2_ReachDemonspineHollow_Desc,"Досягти Нижнє місто"
ADVENTURE_ACHIEVEMENT_1_2_ReachFordingbridge,"Міст над Неспокійні води"
ADVENTURE_ACHIEVEMENT_1_2_ReachFordingbridge_Desc,"Досягти Фордінгбридж"
ADVENTURE_ACHIEVEMENT_1_2_ReachTheSloshedSquirrel,"Ключ від міста"
ADVENTURE_ACHIEVEMENT_1_2_ReachTheSloshedSquirrel_Desc,"Досягти Хмільної Білки"
ADVENTURE_ACHIEVEMENT_1_2_UnlockLocations,"Східний ліс"
ADVENTURE_ACHIEVEMENT_1_2_UnlockLocations_Desc,"Відкрити 11 локацій"
ADVENTURE_ACHIEVEMENT_1_2_UseBless,"Майстерність Благословення"
ADVENTURE_ACHIEVEMENT_1_2_UseBless_Desc,"Використати благословення 20 разів"
ADVENTURE_ACHIEVEMENT_1_2_UseStrengthen,"Майстерність сили"
ADVENTURE_ACHIEVEMENT_1_2_UseStrengthen_Desc,"Використати посилення 20 разів"
ADVENTURE_ACHIEVEMENT_1_3_DisarmTrap,"Це пастка!"
ADVENTURE_ACHIEVEMENT_1_3_DisarmTrap_Desc,"Знешкодити 20 пасток"
ADVENTURE_ACHIEVEMENT_1_3_KillForestImps_1,"Бісокол"
ADVENTURE_ACHIEVEMENT_1_3_KillForestImps_1_DESC,"Убити 20 Лісових Бісів"
ADVENTURE_ACHIEVEMENT_1_3_KillForestImps_2,"Бісоколиця"
ADVENTURE_ACHIEVEMENT_1_3_KillForestImps_2_DESC,"Убити 200 Лісових Бісів"
ADVENTURE_ACHIEVEMENT_1_3_UnlockLocations,"Безплідні землі"
ADVENTURE_ACHIEVEMENT_1_3_UnlockLocations_Desc,"Досягти Hermitage"
ADVENTURE_ACHIEVEMENT_1_4_KillCaveBears_1,"Ведмедик Бенні"
ADVENTURE_ACHIEVEMENT_1_4_KillCaveBears_1_DESC,"Убити 10 Печерних Ведмедів"
ADVENTURE_ACHIEVEMENT_1_4_KillCaveBears_2,"Грізлі Адам"
ADVENTURE_ACHIEVEMENT_1_4_KillCaveBears_2_DESC,"Убити 50 Печерних Ведмедів"
ADVENTURE_ACHIEVEMENT_1_4_KillNightDemons_1,"Світомар"
ADVENTURE_ACHIEVEMENT_1_4_KillNightDemons_1_DESC,"Убити 10 Нічних Демонів"
ADVENTURE_ACHIEVEMENT_1_4_KillNightDemons_2,"Світлоносний"
ADVENTURE_ACHIEVEMENT_1_4_KillNightDemons_2_DESC,"Убити 75 Нічних Демонів"
ADVENTURE_ACHIEVEMENT_1_4_KillRendingDrakes_1,"Хитрі дівчата"
ADVENTURE_ACHIEVEMENT_1_4_KillRendingDrakes_1_DESC,"Убити 10 Дрейків-крижнів"
ADVENTURE_ACHIEVEMENT_1_4_KillRendingDrakes_2,"Життя не знайде виходу"
ADVENTURE_ACHIEVEMENT_1_4_KillRendingDrakes_2_DESC,"Убити 75 Дрейків"
