Keys,"Солов'їна [ua-UA]"
ITEM_NAME_CloakOfTheHunter,"Плащ мисливця"
Item_CloakOfTheHunter,"Щоразу, коли ви застосовуєте здатність з атрибутом Рок, виконуйте дію ""<nobr>Рух <sprite name=Move> 1</nobr>""."
ITEM_NAME_DoctorsCoat,"Лікарський кітель"
Item_DoctorsCoat,"Щоразу, коли один або кілька союзників отримують від вас карти ""Аптечка"" або ""Велика аптечка"", ви можете отримати карту ""Аптечка"" під час цього ходу."
ITEM_NAME_ElementalBoots,"Чоботи стихій"
Item_ElementalBoots,"Щоразу, коли ви переміщаєтеся на 3 і більше клітин у ваш хід, зарядіть одну зі стихій."
ITEM_NAME_FocusingRay,"Фокусуючий промінь"
Item_FocusingRay,"Під час вашої здатності лікування союзника, додайте <nobr>Здоровлення +1 <sprite name=Heal></nobr> і <nobr>Посилення <sprite name=Strengthen></nobr>."
ITEM_NAME_ImposingBlade,"Значний клинок"
Item_ImposingBlade,"Щоразу, коли ви вбиваєте ворога у ваш хід, отримаєте властивість <nobr>Щит <sprite name=Shield> 1</nobr> до кінця раунду."
ITEM_NAME_MastersLute,"Лютня майстра"
Item_MastersLute,"Після застосування будь-якої здатності з атрибутом ""Пісня"", негайно виконайте дію ""<nobr>Атака <sprite name=Attack> 2</nobr>"" або ""<nobr>Рух <sprite name=Move> 2</nobr>""."
ITEM_NAME_MaskOfDeath,"Маска смерті"
Item_MaskOfDeath,"Щоразу, коли ви проводите ближню атаку, маючи рівно 1 ОЗ, додавайте <nobr>+2 <sprite name=Attack></nobr> до цієї атаки."
ITEM_NAME_PendantOfThePlague,"Підвіска чуми"
Item_PendantOfThePlague,"У ваш хід застосуйте ефекти <nobr>Отруєння <sprite name=Poison></nobr> і <nobr>Прокляття <sprite name=Curse></nobr> до одного ворога в межах дальності <nobr><sprite name=Range> 3</nobr>."
ITEM_NAME_PhasingIdol,"Мерехтлива статуетка"
Item_PhasingIdol,"Коли покликане вами створіння отримує шкоду від атаки, воно замість цього не отримує шкоди."
ITEM_NAME_PsychicKnife,"Телепатичний ніж"
Item_PsychicKnife,"Щоразу, коли ви застосовуєте здатність з атрибутом ""Аугмент"", додавайте <nobr><sprite name=Attack> +2</nobr> до всіх атак цієї здатності."
ITEM_NAME_SilentStiletto,"Беззвучний стилет"
Item_SilentStiletto,"Щоразу, коли ви проводите ближню атаку, додавайте ефект <nobr>ПРОБОЙ <sprite name=Pierce> 1</nobr> до цієї атаки."
ITEM_NAME_StaffOfCommand,"Посох повеління"
Item_StaffOfCommand,"Після застосування здатності з атрибутом ""Наказ"", розіграйте карту з вашої руки і негайно застосуйте здатність з тієї ж половини карти, на якій знаходилася застосована здатність з атрибутом ""Наказ""."
ITEM_NAME_StoneCharm,"Кам'яний амулет"
Item_StoneCharm,"Щоразу, коли ви створюєте перешкоду, всі вороги на сусідніх із перешкодою клітинах отримують ефект <nobr>ЗМ'ЯТІННЯ <sprite name=Muddle></nobr>."
ITEM_NAME_SmokeElixir,"Димлячий еліксир"
Item_SmokeElixir,"У ваш хід отримаєте стан <nobr>НЕВИДИМІСТЬ <sprite name=Invisible></nobr>."
ITEM_NAME_SunShield,"Сонячний щит"
Item_SunShield,"Коли ви отримуєте шкоду від атаки, ви можете використовувати <sprite name=ConsumeLight>, щоб отримати властивість <nobr>Щит <sprite name=Shield> 2</nobr> і <nobr>Відповідний удар <sprite name=Retaliate> 1</nobr> для цієї атаки."
ITEM_NAME_UtilityBelt,"Практичний пояс"
Item_UtilityBelt,"У ваш хід, ви або один будь-який союзник розгорніть <nobr>Refresh <sprite name=Refresh></nobr> 1 свою повернуту або витрачену карту предмета."
ITEM_NAME_VolatileElixir,"Летючий еліксир"
Item_VolatileElixir,"Під час вашої дальньої атаки додайте <nobr>+2 <sprite name=Attack></nobr> і отримайте Перевагу. Застосовуйте цей ефект до всіх атак поточної здатності, але отримуйте 2 шкоди за кожну проведену атаку."
INTRO_GH_1,""
INTRO_TRAVEL_1,""
INTRO,""
Start_1,""
Room_2_1,""
Success_1,""
OUTRO_TRAVEL_1,""
OUTRO_GH_1,""
Quest_SOLO_Brute_ReturnToTheBlackBarrow_NAME,"Повернення в Чорний курган"
Quest_SOLO_Brute_ReturnToTheBlackBarrow_DESC,"Місцями колишньої слави Дикуна"
Quest_SOLO_Brute_ReturnToTheBlackBarrow_List,"Соло завдання для Дикуна"
Quest_SOLO_Brute_ReturnToTheBlackBarrow_INTRO,"Йдучи вниз знайомими кам'яними сходами, ви робите глибокий вдих, і застарілий запах смерті й розкладання наповнює вас гнівом - гнівом на себе. Ви згадуєте, як уперше спускалися в ці глибини і відчули цей сморід.<br><br>То було ваше перше завдання після прибуття в Похмуру гавань. І воно, пам'ятається, вас неабияк налякало. Ви ніколи і в думках не тримали ділитися з товаришами своїми страхами. У тому нападі на розбійників вони потребували вашого керівництва. Якщо ти здоровенний, як шафа, ніхто й подумати не може, що ця брила здатна чогось злякатися, але деколи трапляється й таке.<br><br>Між тим почуття, пережиті в цих надрах, відтоді пригнічували вас. Коли до ваших вух дійшла чутка про поховану в глибинах Чорного кургану могутню зброю, ви вхопилися за можливість повернутися і зустріти всі тутешні небезпеки. Наодинці."
Scenario_SOLO_Brute_ReturnToTheBlackBarrow_Start_1,"Нині ви стали сильнішими й досвідченішими.<br>Спускаючись сходами, ви не відчуваєте страху - лише хвилювання."
Scenario_SOLO_Brute_ReturnToTheBlackBarrow_Start_2,"Ви навіть сподіваєтеся, що ще якісь вошиві розбійнички обжили це місце відтоді, як ви минулого разу пробиралися через похмурі зали."
Scenario_SOLO_Brute_ReturnToTheBlackBarrow_Start_3,"Досягнувши останньої сходинки, ви стусаном відчиняєте двері. І не залишаєтеся розчаровані."
Scenario_SOLO_Brute_ReturnToTheBlackBarrow_Room_3_1,"Не звертаючи уваги на численні рани, ви ввалюєтеся в останню кімнату. Усе точно так, як вам і пам'ятається: самовдоволене непотріб і ожилі кістки."
Scenario_SOLO_Brute_ReturnToTheBlackBarrow_Room_3_2,"- Не варто було тобі приходити... - заїкається було лучниця, але ви недбалим рухом руки затикаєте їй рота. Ця мерзота не варта того, щоб витрачати час на сперечання."
Scenario_SOLO_Brute_ReturnToTheBlackBarrow_Success_1,"Трохи накульгуючи, ви йдете до сходів у дальній частині кімнати, навіть не намагаючись стримати регот, що рветься назовні. Ви непереможні! Ви - сила, з якою доводиться рахуватися!"
Scenario_SOLO_Brute_ReturnToTheBlackBarrow_Success_2,"Залишаючи за собою ланцюжок кривавих крапель, ви йдете на нижній рівень катакомб, слідуючи прикметам."
Scenario_SOLO_Brute_ReturnToTheBlackBarrow_Success_3,"Чи то вас супроводжує удача, чи то інші бандити, перелякані вашим щасливим сміхом, розбіглися хто куди, але ви без пригод відшукуєте меч і йдете геть."
Quest_SOLO_Tinkerer_AnUnfortunateIntrusion_NAME,"Невдале вторгнення"
Quest_SOLO_Tinkerer_AnUnfortunateIntrusion_DESC,"Хто ж майструє краще за Винахідника!"
Quest_SOLO_Tinkerer_AnUnfortunateIntrusion_List,"Соло завдання для Винахідника"
Quest_SOLO_Tinkerer_AnUnfortunateIntrusion_INTRO_GH_1,"Ах, радість творення! Знайшовши вільну хвилинку, ви одразу ж вислизаєте у свою майстерню біля північно-західної стіни Кварталу рогів. Не ближній світ, звісно, але місце тихе, та й оренда низька."
Quest_SOLO_Tinkerer_AnUnfortunateIntrusion_INTRO_GH_2,"Останнім часом ви домоглися гарних результатів у розробці кишенькового зіллєроздавача, який можна використовувати в бою. Ви наводите лиск на фактично готовий пристрій, як раптом з вулиці лунає..."
Quest_SOLO_Tinkerer_AnUnfortunateIntrusion_INTRO_GH_3,"- Вони лізуть по стінах!<br><br>Зовні коїться справжнє світлопреставлення, шум і гам ні в яку не дають зосередитися. У розпачі ви з силою жбурляєте гайковий ключ на стіл і вирушаєте з'ясовувати, через що переполох."
Quest_SOLO_Tinkerer_AnUnfortunateIntrusion_INTRO,"Вийшовши на вулицю, ви піднімаєте погляд на стіни і очманіло спостерігаєте, як орди маленьких пухнастих тварюк деруться по парапетах і спускаються в місто. Погляд ваш у паніці кидається з боку в бік, і тут ви помічаєте, що жменька районних стражників самовіддано намагається стримати натовп вермлінгів.<br><br>- Треба утримати місто до підходу підкріплення! - кричить один із них. Щодо всього міста ви не впевнені, але, якщо вермлінги знищать вашу майстерню, бозна-що коли вам ще вдасться і чи вдасться взагалі повторити досліди, які дали вам змогу так далеко просунутися у своїх дослідженнях."
Scenario_SOLO_Tinkerer_AnUnfortunateIntrusion_Success_1,"Ви понуро дивитеся на спорожнілу сумку з-під бомб, потім - на бак з-під палива... а дрібні паршивці все пруть і пруть зі стін."
Scenario_SOLO_Tinkerer_AnUnfortunateIntrusion_Success_2,"Ви заряджаєте арбалет останнім болтом і намагаєтеся навести його на чергову ціль, але від знемоги у вас підкошуються ноги."
Scenario_SOLO_Tinkerer_AnUnfortunateIntrusion_Success_3,"Вороги пухнастою лавиною котяться вперед, і тут за спиною у вас лунає брязкіт. Цілий батальйон одоспешенних стражників, друкуючи крок, марширує назустріч орді вермлінгів."
Scenario_SOLO_Tinkerer_AnUnfortunateIntrusion_Success_4,"У битві настає переломний момент, і вже за кілька хвилин усі тварюки валяються бездиханними."
Scenario_SOLO_Tinkerer_AnUnfortunateIntrusion_Success_5,"Закашлявшись, ви повільно піднімаєтеся. Солдати навіть не здогадуються про вашу присутність, але це дурниця. Головне - довгоочікувана тиша і спокій. Можна нарешті завершити роботу..."
Quest_SOLO_Spellweaver_CorruptedLaboratory_NAME,"Подія в лабораторії"
Quest_SOLO_Spellweaver_CorruptedLaboratory_DESC,"Та, що плете чари в пошуках нового еліксиру"
Quest_SOLO_Spellweaver_CorruptedLaboratory_List,"Соло завдання для плетучої чари"
Quest_SOLO_Spellweaver_CorruptedLaboratory_INTRO_TRAVEL_1,"Надмірна жага могутності може призвести до неприємностей. Це відомо будь-якій, хто плете чари, і ви щодня повторюєте ці слова."
Quest_SOLO_Spellweaver_CorruptedLaboratory_INTRO_TRAVEL_2,"І все ж нерозумно боятися сили лише через її зворотний бік. Коли перед вами відкривається шлях до величі, не варто відмовлятися від неї."
Quest_SOLO_Spellweaver_CorruptedLaboratory_INTRO_TRAVEL_3,"Саме ці роздуми і бажання відшукати який-небудь корисний у бою еліксир завели вас у Строкатий квартал."
Quest_SOLO_Spellweaver_CorruptedLaboratory_INTRO_TRAVEL_4,"Зрештою ви опиняєтеся перед крамничкою для алхіміків, випробовувано дивлячись на червонолисого куатрила."
Quest_SOLO_Spellweaver_CorruptedLaboratory_INTRO,"- Хвала Дубу, ти вчасно! - тріщить він, ледь переводячи подих. - Я щойно зварив потрібне зілля, але, гм-гм, дехто з моїх піддослідних, гм-гм, забажав накласти на нього пазурі, щоб набути великої могутності. Довелося тікати, інакше мені б не поздоровилося. На жаль, заповітну пляшечку я залишив у підвалі, довіривши своєму помічникові.<br><br>Куатріл вказує на двері:<br>- На жаль, піддослідні заполонили всю лабораторію. Якщо хочеш отримати зілля, боюся, доведеться пробиватися через них.<br><br>Не промовивши ні слова, ви переступаєте поріг дерев'яного будинку. Так, жага могутності призводить до неприємностей, і часом - найнесподіванішим чином."
Scenario_SOLO_Spellweaver_CorruptedLaboratory_Misc_1,"Ви витягуєте зі скрині червонувато-чорний флакон і раптом чуєте, як грюкають за спиною двері.<br><br>- Це належить господареві. Поклади на місце."
Scenario_SOLO_Spellweaver_CorruptedLaboratory_Misc_2,"Обернувшись, ви бачите кам'яного голема, що насувається на вас і перегородив шлях до виходу. Мабуть, це і є той самий ""помічник"" алхіміка.<br>На жаль, вам доведеться якось оминути його, якщо хочете вибратися."
Quest_SOLO_Spellweaver_CorruptedLaboratory_OUTRO_TRAVEL_1,"Ви вискакуєте з крамниці назад до сонячного світла, але збожеволілі монстри не відстають. Варто вам вилетіти за двері, як алхімік зачиняє їх і замикає зовні. Монстри верещать і в люті б'ються об дерев'яну перешкоду."
Quest_SOLO_Spellweaver_CorruptedLaboratory_OUTRO_TRAVEL_2,"- Здається мені, всіх тобі здолати не вдалося, - задумливо каже куатріл."
Quest_SOLO_Spellweaver_CorruptedLaboratory_OUTRO_TRAVEL_3,"- Дрібниці, не бери в голову. Радий бачити, що ти хоча б відшукала зілля. З огляду на обставини, я віддам його тобі задарма."
Quest_SOLO_Spellweaver_CorruptedLaboratory_OUTRO_TRAVEL_4,"Ви подумуєте знову запропонувати свою допомогу, але в нинішньому стані від вас мало користі. Спершу треба повернутися додому і перевести дух. А ось потім уже можна перевірити нові межі своєї сили..."
Quest_SOLO_Scoundrel_ArmoryHeist_NAME,"Пограбування збройової"
Quest_SOLO_Scoundrel_ArmoryHeist_DESC,"Ще одна робота Шахрайки"
Quest_SOLO_Scoundrel_ArmoryHeist_List,"Соло завдання для Шахрайки"
Quest_SOLO_Scoundrel_ArmoryHeist_INTRO_GH_1,"- Робота потрібна?<br>Над вами нависає огрядний валрат зі шрамом, що розсікає ліву щоку."
Quest_SOLO_Scoundrel_ArmoryHeist_INTRO_GH_2,"Темні справи - єдина причина, через яку народ бовтається в ""Горілій цибулині"", просочуючись її смородом."
Quest_SOLO_Scoundrel_ArmoryHeist_INTRO_GH_3,"Сюди вже точно приходять не для того, щоб насолодитися приємною компанією або розбавленим пивом, що смердить сечею.<br>Намагаючись, щоб голос звучав якомога безтурботніше, ви приймаєте пропозицію."
Quest_SOLO_Scoundrel_ArmoryHeist_INTRO_GH_4,"Валрат посміхається.<br>- Добре. Ти, здається, здатна за себе постояти... Клієнти в нас серйозні намічаються."
Quest_SOLO_Scoundrel_ArmoryHeist_INTRO_GH_5,"Він сідає до вашого столу, представляється Ріхарном і розповідає про збройовий склад однієї з дрібних гільдій найманців у Кварталі подорожніх."
Quest_SOLO_Scoundrel_ArmoryHeist_INTRO_GH_6,"- Наступної ночі гільдія намилилася на якесь велике полювання, і охороняти склад буде, почитай, нікому, - віщає Ріхарн."
Quest_SOLO_Scoundrel_ArmoryHeist_INTRO_GH_7,"- Споряджені вони непогано, але, між нами кажучи, удвох ми напевно впораємося."
Quest_SOLO_Scoundrel_ArmoryHeist_INTRO_GH_8,"Особливих планів на завтра у вас немає, тож ви погоджуєтеся. Для того ви в цій дірі й стирчите, зрештою."
Quest_SOLO_Scoundrel_ArmoryHeist_INTRO,"Наступної ночі Ріхарн приводить вас до багатого вигляду будинку в північній частині Похмурої гавані та вказує потаємний хід у підвал. Посміхнувшись, ваш нежданий поплічник починає спускатися сходами."
Scenario_SOLO_Scoundrel_ArmoryHeist_Misc_1,"Піднявши кришку скрині, ви застигаєте, дивлячись на самотній кинджал, що лежить там. Зніяковіло ви дістаєте його і показуєте Ріхарну."
Scenario_SOLO_Scoundrel_ArmoryHeist_Misc_2,"- І все, чи що? - Він здається не менш спантеличеним. - Гаразд, давай його сюди. А ти порискай тоді по кишенях мерців, може, там знайдеш щось."
Scenario_SOLO_Scoundrel_ArmoryHeist_Misc_3,"Посміявшись над його наївністю, ви пхаєте кинджал у кишеню. Обличчя валрата темніє, і він наставляє на вас меч:- Тим краще. Обійдемося без свідків."
Scenario_SOLO_Scoundrel_ArmoryHeist_Success_1,"Більше ні з ким і нічого ділити, тож скарб дістається вам. Ви без шуму і пилу залишаєте місце різанини, не залишивши жодного свідка. Справа вдалася на славу."
Quest_SOLO_Cragheart_StoneDefense_NAME,"Кам'яний захист"
Quest_SOLO_Cragheart_StoneDefense_DESC,"Пустотілого тягне в гори"
Quest_SOLO_Cragheart_StoneDefense_List,"Соло завдання для Пустотілого"
Quest_SOLO_Cragheart_StoneDefense_INTRO_GH_1,"Це неможливо забути. Чого б ви не домоглися відтоді, як покинули народ саввасів, ви все ще відчуваєте цю гіркоту вигнання і приниження, а шрам на грудях не перестає вам про це нагадувати."
Quest_SOLO_Cragheart_StoneDefense_INTRO_GH_2,"І все ж ви невпинно намагаєтеся спокутувати минулі невдачі. Хто знає - можливо, якщо вдасться достатньою мірою проявити свої здібності, шрам завдаватиме менше болю..."
Quest_SOLO_Cragheart_StoneDefense_INTRO_GH_3,"Одного разу, під час своєї звичайної розміреної прогулянки в околицях на північ від Похмурої гавані, ви відчуваєте слабке тремтіння землі і тяжіння невідомої сили."
Quest_SOLO_Cragheart_StoneDefense_INTRO_GH_4,"У глибині своїх розсічених грудей ви відчуваєте, що це земля волає до вас, благаючи про допомогу."
Quest_SOLO_Cragheart_StoneDefense_INTRO_TRAVEL_1,"Ви прямуєте далі на північ, у Мідні хребти, і спускаєтеся в гирло зловісної печери. У глибині її ви знаходите величезний кристал."
Quest_SOLO_Cragheart_StoneDefense_INTRO,"Несподівано ця брила починає вібрувати, і ваші вуха заповнює чужорідний голос:<br><br>- Я чую небезпеку... чую тварюк, що шукають влади над землею і бажають використати мою сутність на зло. Я - земля, що знайшла розум, а тут знаходиться серце моєї сили. Мені потрібен захисник. Чи під силу тобі таке завдання?<br><br>Вкотре торкнувшись шраму, ви мовчки киваєте. Час підготуватися до зустрічі з цими тварюками."
Scenario_SOLO_Cragheart_StoneDefense_Success_1,"Руки ваші вимазані кров'ю і брудом, але справу зроблено. Безліч ворогів, що випустили дух, розпростерлися перед вами. Сьогодні ви впоралися."
Scenario_SOLO_Cragheart_StoneDefense_Success_2,"Коли ви повертаєтеся в дальню частину печери, величезний кристал знову стрясає тремтіння:<br>- Ти справжній страж землі, і я в боргу перед тобою за свій порятунок."
Scenario_SOLO_Cragheart_StoneDefense_Success_3,"- Дарую тобі цей амулет. Він посилить твою владу над каменем, а заодно дасть мені змогу звернутися до тебе, коли ти знову будеш потрібен..."
Quest_SOLO_Mindthief_RodentLiberation_NAME,"Звільнення гризунів"
Quest_SOLO_Mindthief_RodentLiberation_DESC,"Крадійка розуму повинна допомогти своїм родичам"
Quest_SOLO_Mindthief_RodentLiberation_List,"Соло завдання для Крадійки розуму"
Quest_SOLO_Mindthief_RodentLiberation_INTRO_GH_1,"Допоможи нам...""  Ви прокидаєтеся в крижаному поту. Десь глибоко під містом ваші союзники-щури потрапили в біду і потребують вашої допомоги."
Quest_SOLO_Mindthief_RodentLiberation_INTRO,"Нашвидкуруч зібравшись, ви поспішаєте в каналізацію і нишпорите по її похмурих тунелях, вслухаючись у уявний поклик рою. Якась зловмисна сила полонила їх і використовує для темного ритуалу. Ви просто зобов'язані їх звільнити!<br><br>Поклик посилюється, коли ви вбігаєте в простору залу і знаходите там групу своїх побратимів. Ослаблені, хворобливого вигляду вермлінги-розвідники чомусь наполегливо захищають двері позаду себе. Ви запитуєте, в чому справа, але вони лише огризаються. Тут у вас відпадають будь-які сумніви в тому, що їх доведеться позбутися, щоб допомогти своїм друзям."
Scenario_SOLO_Mindthief_RodentLiberation_Room_2_1,"Ви кидаєтеся до дверей, і вас огортає хвиля згубних випарів. Свідомість затуманюється, і ви розумієте, що тут діє чиясь мерзенна магія. Потрібно це зупинити!"
Scenario_SOLO_Mindthief_RodentLiberation_Room_3_1,"Кашляючи і насилу ковтаючи блювоту, ви прориваєтеся в підозрілого вигляду нішу і знаходите трьох вермлінгів у глибокому трансі.<br>Ледве ви встигаєте віддихатися і перевести дух, як вони приходять до тями і кидаються на вас."
Scenario_SOLO_Mindthief_RodentLiberation_Misc_1,"Останній вермлінг випускає дух, і від решітки по центру зали починає валити бурий дим. З жахом ви усвідомлюєте, що ненароком принесли криваві жертви, які були потрібні для завершення ритуалу."
Scenario_SOLO_Mindthief_RodentLiberation_Misc_2,"Перед вашими очима з диму матеріалізується земляний демон. Тепер він єдина перешкода на шляху до порятунку ваших друзів."
Scenario_SOLO_Mindthief_RodentLiberation_Success_1,"Зупинивши нарешті ритуал, ви кожною клітиною свого тіла відчуваєте ту радість звільнення, яку зараз відчувають нещасні щури. Вони виповзають з укриттів і переможно в'ються навколо вас."
Scenario_SOLO_Mindthief_RodentLiberation_Success_2,"Ви відчуваєте, що ваш зв'язок із ними тільки посилюється, а клинок, яким ви прорубували свій шлях до перемоги, наповнює химерна енергія."
Quest_SOLO_Sunkeeper_CaravanEscort_NAME,"Супровід каравану"
Quest_SOLO_Sunkeeper_CaravanEscort_DESC,"Та, що зберігає сонце, вирішує допомогти нужденним"
Quest_SOLO_Sunkeeper_CaravanEscort_List,"Соло завдання для Хранительки сонця"
Quest_SOLO_Sunkeeper_CaravanEscort_INTRO_GH_1,"Останнім часом у Похмурій гавані обходиться без пригод, але ви безперестанку шукаєте тих, хто потребує допомоги."
Quest_SOLO_Sunkeeper_CaravanEscort_INTRO_GH_2,"Почувши, що орхіди збирають караван цінних вантажів для відправки в Столицю і їм потрібна охорона, ви поспішаєте в Котельний квартал запропонувати свої послуги."
Quest_SOLO_Sunkeeper_CaravanEscort_INTRO_GH_3,"- Торговці, які прибувають один за одним, повідомляють, що Східний тракт кишить розбійниками, - каже голова каравану. - Ми з радістю приймемо вашу допомогу, яку б плату ви не запросили."
Quest_SOLO_Sunkeeper_CaravanEscort_INTRO_GH_4,"Ви смиренно відмовляєтеся від плати, і очі чоловіка приголомшено розчиняються. Усе, чого ви хочете, - довести свою доблесть і знищити лиходіїв у всьому світі."
Quest_SOLO_Sunkeeper_CaravanEscort_INTRO,"Підготувавшись до подорожі (звісно, не до самої Столиці - адже достатньо провести караван через Кинджальний ліс), ви нарешті залишаєте місто через Західну браму. Перший день минає спокійно, але вранці ви прокидаєтеся від крику:<br><br>- Розбійники! Зайняти оборону!"
Scenario_SOLO_Sunkeeper_CaravanEscort_Misc_1,"- Скидаються на членів зграї Червоних мародерів, - зауважує один з охоронців. - Але зазвичай ці мерзотники нишпорять великими загонами. Неподалік могли причаїтися й інші... Нам краще продовжити шлях."
Scenario_SOLO_Sunkeeper_CaravanEscort_Misc_2,"Не витрачаючи часу на відпочинок, усі швидко збираються і знову знімаються з місця. Нехтуючи втомою і ранами, ви та інші охоронці робите все, щоб караван просувався якомога швидше."
Scenario_SOLO_Sunkeeper_CaravanEscort_Misc_3,"Приблизно година проходить у напруженому очікуванні, а потім над вашою головою лунає свист стріли. Звернувши погляд на північ, ви помічаєте великі постаті іноксів, які вийшли з хащі та наближаються до вас."
Scenario_SOLO_Sunkeeper_CaravanEscort_Misc_4,"- Зволікати не можна! - кашляє охоронець. - Ці гади можуть бути де завгодно. Піднажмемо!"
Scenario_SOLO_Sunkeeper_CaravanEscort_Misc_5,"Незважаючи на ваші побоювання, караван рухається швидко, не даючи ні вам, ні іншим охоронцям можливості перевести дух."
Scenario_SOLO_Sunkeeper_CaravanEscort_Misc_6,"Усю наступну годину ви молитеся про те, щоб вози минули небезпечні землі без нових пригод, але удача відвернулася від вас."
Scenario_SOLO_Sunkeeper_CaravanEscort_Misc_7,"Назустріч вам біжать маленькі пухнасті фігурки вермлінгів, і ви готуєтеся до чергового бою."
Scenario_SOLO_Sunkeeper_CaravanEscort_Success_1,"Ви на межі знемоги, але, коли останній вермлінг падає мертвим, збираєтеся із залишками сил і прямуєте за караваном."
Scenario_SOLO_Sunkeeper_CaravanEscort_Success_2,"Сьогоднішня бійня надовго залишиться у вашій пам'яті, але зараз не час про це думати. Ви примушуєте себе йти, поки можете."
Scenario_SOLO_Sunkeeper_CaravanEscort_Success_3,"Потім ноги все ж підкошуються, і ви осідаєте на землю - у повній впевненості, однак, що вберегли і караван, і його вантаж у цих небезпечних землях."
Scenario_SOLO_Sunkeeper_CaravanEscort_Success_4,"Ви розпростерлися в багнюці серед возів, які нарешті зупинилися на відпочинок."
Scenario_SOLO_Sunkeeper_CaravanEscort_Success_5,"У напівнепритомному стані ви бачите, що з небес сходять промені сліпучого світла. Чийсь голос віддає належне вашій битві зі злом, і тіло огортає цілющим теплом, позбавляючи втоми."
Scenario_SOLO_Sunkeeper_CaravanEscort_Success_6,"Розплющивши очі, ви не помічаєте нічого незвичайного, але відчуваєте, що повністю зцілилися."
Scenario_SOLO_Sunkeeper_CaravanEscort_Success_7,"Перевівши погляд донизу, ви усвідомлюєте, що ваші груди обтяжує чудовий щит, що взявся невідомо звідки..."
Quest_SOLO_Quartermaster_StorageFees_NAME,"Витрати на зберігання"
Quest_SOLO_Quartermaster_StorageFees_DESC,"Ваші припаси хочуть викрасти!"
Quest_SOLO_Quartermaster_StorageFees_List,"Соло завдання для Інтенданта"
Quest_SOLO_Quartermaster_StorageFees_INTRO_TRAVEL_1,"Задихаючись і хриплячи, ви мчите вулицями Похмурої гавані."
Quest_SOLO_Quartermaster_StorageFees_INTRO_TRAVEL_2,"З усією доступною при вашій комплекції швидкістю ви мчите в бік Старих доків, де зберігається частина ваших припасів."
Quest_SOLO_Quartermaster_StorageFees_INTRO_TRAVEL_3,"Ви завжди були дуже задоволені цим складом, поки не почули в ""Горілій цибулині"", що якась злодійська банда має намір його пограбувати.<br><br>Тільки не під самим вашим носом!"
Quest_SOLO_Quartermaster_StorageFees_INTRO,"Після прибуття на місце на вас накочує полегшення: навколо все тихо і спокійно. І тут вас осіняє, що склад могли обчистити і до вашої появи...<br><br>Увірвавшись у передні двері, ви клянете все на чому світ стоїть, бо схованка ваша - у дальній частині складу, а підходи до неї заставлені пастками проти непроханих гостей. Але вам усе ж треба перевірити свої запаси!"
Scenario_SOLO_Quartermaster_StorageFees_Misc_1,"Хвиля полегшення накочує на вас, коли ви відкриваєте скриню і бачите, що все на місці."
Scenario_SOLO_Quartermaster_StorageFees_Misc_2,"Але блаженство триває недовго. Лунає звук розбитого скла, і ви бачите, що злодії лізуть на склад через вікна."
Scenario_SOLO_Quartermaster_StorageFees_Misc_3,"- Хапайте все цінне, хлопці! - волає один здоровань. - Свідків у пекло!"
Scenario_SOLO_Quartermaster_StorageFees_Success_1,"Ви розкладаєте по піхвах свої численні клинки і задумливо оглядаєтеся. Це місце явно не настільки безпечне, як ви сподівалися."
Scenario_SOLO_Quartermaster_StorageFees_Success_2,"Раніше ви думали, що тягати з собою все своє майно на додаток до звичайного спорядження - не дуже здорова ідея, але ця пригода докорінно змінила вашу думку."
Scenario_SOLO_Quartermaster_StorageFees_Success_3,"Ви вирішили змайструвати новий пояс, на якому поміститься все необхідне. У підсумку пояс вийшов що треба. Ви просто майстер на всі руки!"
Quest_SOLO_Summoner_PlaneOfWildBeasts_NAME,"Вимірювання диких звірів"
Quest_SOLO_Summoner_PlaneOfWildBeasts_DESC,"Здібності Закличниці слабшають"
Quest_SOLO_Summoner_PlaneOfWildBeasts_List,"Соло завдання для Закличниці"
Quest_SOLO_Summoner_PlaneOfWildBeasts_INTRO_GH_1,"Ваша сила тане. Може, з боку це й непомітно, але ви ж знаєте..."
Quest_SOLO_Summoner_PlaneOfWildBeasts_INTRO_GH_2,"Щоразу, витягаючи щось із нескінченності вимірів, ви розумієте, що це дається вам дедалі складніше. Виміри буквально віддаляються від вас!"
Quest_SOLO_Summoner_PlaneOfWildBeasts_INTRO_GH_3,"Або, принаймні, так здавалося. Вивчивши цей феномен, ви виявили, що насправді віддаляється лише один вимір."
Quest_SOLO_Summoner_PlaneOfWildBeasts_INTRO_GH_4,"Те, звідки ви закликаєте багатьох своїх супутників - вимір диких звірів."
Quest_SOLO_Summoner_PlaneOfWildBeasts_INTRO,"Ваша цікавість розгорається до межі, і ви переноситеся в це повне небезпечних тварюк місце, щоб знайти відповіді. І швидко їх знаходите.<br><br>- Оце так нахабство! - лунає над деревами гучний голос. - Мало того, що ти крадеш моїх вірних підданих, щоб їх мучили і вбивали заради твоєї примхи... Тепер же ти безсоромно вторгаєшся в мою оселю, не виявивши ні краплі поваги до моєї влади!<br><br>З превеликою радістю помилуюся, як твої ж ""іграшки"" рвуть тебе на частини! Ви чуєте в кущах шелест і готуєтеся до бою."
Scenario_SOLO_Summoner_PlaneOfWildBeasts_Misc_1,"- Нестерпна самовпевненість! - Тепер голос звучить голосніше і ближче. - Прагнення до сили й панування тебе погубить!"
Scenario_SOLO_Summoner_PlaneOfWildBeasts_Misc_2,"Ти могла покинути моє царство в будь-який момент, але все ще залишаєшся тут, бо впевнена, що досить сильна, щоб отримати все, що хочеш."
Scenario_SOLO_Summoner_PlaneOfWildBeasts_Misc_3,"Але марно ти думаєш, що твою жагу до знань вгамовуватимуть до нескінченності. Я розтрощу тебе!"
Scenario_SOLO_Summoner_PlaneOfWildBeasts_Success_1,"Дух із ревом розвіюється за вітром, залишивши за собою лише маленьку напівпрозору статуетку звіра."
Scenario_SOLO_Summoner_PlaneOfWildBeasts_Success_2,"- Сила твоя воістину велика..."" - Голос духу тепер не голосніший за шелест."
Scenario_SOLO_Summoner_PlaneOfWildBeasts_Success_3,"- Мабуть, я був не правий. Що ж, тепер ти заслужила мою повагу. Використовуй свою силу, щоб захистити моїх підданих."
Quest_SOLO_Nightshroud_HarvestingTheNight_NAME,"Нічні жнива"
Quest_SOLO_Nightshroud_HarvestingTheNight_DESC,"Покров ночі хоче пізнати силу Темряви"
Quest_SOLO_Nightshroud_HarvestingTheNight_List,"Соло завдання для Покрови ночі"
Quest_SOLO_Nightshroud_HarvestingTheNight_INTRO,"Темрява волає до вас. Темрява пошепки довіряє вам свої таємниці. Темрява наближає вас до безодні без кінця і краю, але вам відомо, що до неї не можна підбиратися надто близько... Залишаючись на краю, ви зможете використовувати силу темряви у власних цілях, але ніколи не дозволяйте їй заволодіти собою без залишку...<br><br>Ваша остання задумка також входить у рамки цієї концепції. Ви знайшли спосіб надати самій сутності Нічного виміру фізичної форми. Це має стати в пригоді у ваших майбутніх пригодах.<br><br>Залишилося лише зібрати чорні душі нічних демонів в одній посудині та зачекати, поки з них не утвориться рідка есенція темряви з надзвичайно сильним ефектом...<br><br>І ось ви робите крок у позбавлену кольору порожнечу. Перед собою, в завісі чорнильно-чорних танцюючих хмар, що заповнюють весь простір цього світу, ви бачите свою першу жертву. Нехай почнуться жнива!"
Scenario_SOLO_Nightshroud_HarvestingTheNight_Success_1,"Наповнивши посудину душами створінь ночі, ви квапливо повертаєтеся в рідний світ, доки вас не покинули сили і не розтерзали демони, що залишилися."
Scenario_SOLO_Nightshroud_HarvestingTheNight_Success_2,"Зрештою, в цьому і полягає суть найманого вбивці: завдати удару, коли є перевага, і, домігшись свого, відступити в тінь."
Scenario_SOLO_Nightshroud_HarvestingTheNight_Success_3,"І ви свого домоглися. Трохи повозившись, ви завершуєте роботу над найпотужнішим еліксиром."
Scenario_SOLO_Nightshroud_HarvestingTheNight_Success_4,"Ви сподіваєтеся, що він допоможе вам утриматися на краю безодні, а не відправить у морок божевілля..."
Quest_SOLO_Plagueherald_PlaguedCrypt_NAME,"Чумний склеп"
Quest_SOLO_Plagueherald_PlaguedCrypt_DESC,"Нове служіння Зорну"
Quest_SOLO_Plagueherald_PlaguedCrypt_List,"Соло завдання для Провісника чуми"
Quest_SOLO_Plagueherald_PlaguedCrypt_INTRO,"У пошуках відповідей на свої запитання ви блукаєте руїнами чергового стародавнього як світ склепу. Поки ви були в сплячці, вам чувся голос Зорна, бога чуми. Зорн велів вам не залишати пошуки. Він сказав, що шляхи чуми ніколи не бувають простими.<br><br>Підкоряючись його вказівкам, ви опинилися в цьому місці, яке безцільно охороняється безліччю огидних тварюк. Ви маєте висмоктати їхні життєві сили і створити з них артефакт, що прославляє Зорна."
Scenario_SOLO_Plagueherald_PlaguedCrypt_Start_1,"Перед вами постає нагромадження вузьких сходів, порослих чорним мохом. Спустившись ними, ви опиняєтеся в просторій залі, всіяній колонами і трунами. Чотири зловісні двері з моторошним орнаментом ведуть із зали в різні боки."
Scenario_SOLO_Plagueherald_PlaguedCrypt_Start_2,"- Це обитель зарази і паразитів, які поступляться тобі своєю силою, - каже Зорн. - Здолай їх і забери їхню отруту."
Scenario_SOLO_Plagueherald_PlaguedCrypt_Start_3,"Залу осяває сліпучий спалах, і ви опиняєтеся оточені шістьма зеленими сяючими фігурами.<br>""- Я не можу допомогти впоратися з чудовиськами, але можу надати тобі захист. Використовуй цих духів як вважатимеш за потрібне."
Scenario_SOLO_Plagueherald_PlaguedCrypt_Start_4,"Коли голос бога стихає, ви чуєте скрегіт каменю об камінь. Двері повільно відчиняються. Настав час битви..."
Scenario_SOLO_Plagueherald_PlaguedCrypt_Success_1,"Остання тварюка падає жертвою вашого рою, і ви повільно, з усією ретельністю збираєте ""врожай"" їхньої отрути. Зрештою у вас опиняється великий гаманець з отруйними залозами і міхурами."
Scenario_SOLO_Plagueherald_PlaguedCrypt_Success_2,"Обхопивши кігтями, ви піднімаєте його над собою, немов підношення. Гаманець зникає у спалаху зеленого сяйва, а натомість ви отримуєте прикрасу, що сочиться темною енергією."
Scenario_SOLO_Plagueherald_PlaguedCrypt_Success_3,"Зали склепу заповнила дзвінка тиша. Ви знаєте, що виконали те, навіщо прийшли. Ви повертаєтеся в Похмуру гавань, готові далі йти шляхом чуми..."
Quest_SOLO_Berserker_UnnaturalInsults_NAME,"блюзнірство"
Quest_SOLO_Berserker_UnnaturalInsults_DESC,"Берсерк повинен відвідати місце поховання свого предка"
Quest_SOLO_Berserker_UnnaturalInsults_List,"Соло завдання для Берсерка"
Quest_SOLO_Berserker_UnnaturalInsults_INTRO_GH_1,"Спершу ви списували все на те, що занадто багато часу проводите в місті. Непереборне занепокоєння зародилося всередині вас і зростало доти, доки ви стали вже не в силах його стримувати."
Quest_SOLO_Berserker_UnnaturalInsults_INTRO_GH_2,"Одного разу ви усвідомили, що виною всьому не проклята руйнівна діяльність людей, а дивна загроза, що нависла над вашим рідним селом. Щось не так було в тій лісовій глушині..."
Quest_SOLO_Berserker_UnnaturalInsults_INTRO,"Ви кинулися до обителі одноплемінників. Там вам розповіли про інокса-некроманта з ворожого племені. Він вторгся в могильник неподалік і став пробуджувати мертвих, бажаючи з їхньою допомогою захопити ваше село.<br><br>Ненависть розгорається у вас палючим яскравим полум'ям. Що за нечестивець набрався нахабства не тільки осквернити місце спочинку ваших предків, а й загрожувати вашому дому?!<br><br>Ви мовчки підкидаєте на плечі свої сокири і заглиблюєтеся в гущу дерев. Таку образу святині змиє лише потік крові цього мерзотника..."
Scenario_SOLO_Berserker_UnnaturalInsults_Misc_1,"Туман розступається, і вашим очам постає значних розмірів інокс, обвішаний кістками і черепами найрізноманітніших істот."
Scenario_SOLO_Berserker_UnnaturalInsults_Misc_2,"- Що за жалюгідне кодло намагається перешкодити моєму сходженню?!""<br><br>Він тільки регоче, коли ви крізь зуби, перемежовуючи пояснення прокльонами, звинувачуєте його в порушенні природного ходу речей."
Scenario_SOLO_Berserker_UnnaturalInsults_Misc_3,"- Від тебе несе містом! Ти провоняла його смородом і смієш повчати мене в тому, що природно, а що ні?!"
Scenario_SOLO_Berserker_UnnaturalInsults_Misc_4,"- Він усміхається. - Коли ти помреш, я спалю твій труп. Ти не гідна честі служити мені."
Scenario_SOLO_Berserker_UnnaturalInsults_Success_1,"Некромант падає, розрубаний на закривавлені шматки, що гнильно смердять, але ваш гнів не вщухає. Із лютим первісним криком ви продовжуєте шматувати труп ворога, перетворюючи його на огидне місиво."
Scenario_SOLO_Berserker_UnnaturalInsults_Success_2,"Ви не помічаєте, як розсипаються в пил неупокоєні поплічники некроманта і як поспішають сховатися за деревами його союзники..."
Scenario_SOLO_Berserker_UnnaturalInsults_Success_3,"Ви приходите до тями, тільки коли сили полишають вас і ви осідаєте на землю, що просочилася кров'ю..."
Scenario_SOLO_Berserker_UnnaturalInsults_Success_4,"Трохи відпочивши і дочекавшись, коли з очей спаде червона пелена, ви кидаєте погляд на спотворений череп ворога і беретеся за роботу."
Scenario_SOLO_Berserker_UnnaturalInsults_Success_5,"Здерши з нього шкіру, зрізавши м'язи і сухожилля, ви створюєте кошмарну маску, яка повинна буде попереджати всіх ворогів вашого племені про те, що з вами краще не зв'язуватися."
Quest_SOLO_Soothsinger_BattleOfTheBards_NAME,"Змагання менестрелів"
Quest_SOLO_Soothsinger_BattleOfTheBards_DESC,"Піфійські ігрища Оспівуючої"
Quest_SOLO_Soothsinger_BattleOfTheBards_List,"Соло завдання для Оспівувачки"
Quest_SOLO_Soothsinger_BattleOfTheBards_INTRO_GH_1,"- Я хочу, щоб ви зіграли в ""Бурих дверях"", і прошу вас зробити це негайно!"
Quest_SOLO_Soothsinger_BattleOfTheBards_INTRO_GH_2,"Господар відомого бару знайшов вас в одному з готелів неподалік. Він сидить навпроти з кам'яним обличчям. Ви намагаєтеся було заперечити, оскільки вас сповістили занадто пізно, але господар піднімає руку на знак протесту."
Quest_SOLO_Soothsinger_BattleOfTheBards_INTRO_GH_3,"- Я домовився про менестреля-вермлінга на сьогоднішній вечір, - продовжує він. - Вибір незвичайний, знаю, але я чув про неї багато хорошого. Вона називає себе Пісня Глибин..."
Quest_SOLO_Soothsinger_BattleOfTheBards_INTRO_GH_4,"Усе йшло чудово, поки відвідувачі не почали себе дивно поводити. Вони немов впали в транс, а потім стали повторювати те, про що співала вермлінг у своїй пісні..."
Quest_SOLO_Soothsinger_BattleOfTheBards_INTRO_GH_5,"Коли мої вишибали спробували перешкодити їм калічити себе, ті у відповідь напали!"
Quest_SOLO_Soothsinger_BattleOfTheBards_INTRO_GH_6,"Вермлінг начебто повністю підпорядкувала собі їхню волю, змушуючи робити все, що вона забажає!"
Quest_SOLO_Soothsinger_BattleOfTheBards_INTRO_GH_7,"Я втік і спробував притягнути до цієї справи міську варту, але жоден із тих, хто увійшов усередину, не вийшов назад. Моя єдина надія - в тому, що інший менестрель зможе протидіяти впливу підступного вермлінга..."
Quest_SOLO_Soothsinger_BattleOfTheBards_INTRO_TRAVEL_1,"Тяжко зітхнувши, ви прямуєте до ""Бурих дверей"". Не для того, щоб допомогти господареві - він же ще та каналья! - а щоб зупинити клятого вермлінга і не дати їй зганьбити добре ім'я всіх менестрелів підмісячного світу!"
Quest_SOLO_Soothsinger_BattleOfTheBards_INTRO,"Біля входу господар ""Двері"" зібрав вам на допомогу строкатий ""букет"" вуличного непотребу. Вони злегка нервують, адже їм доведеться битися з тим, чого вони не розуміють. Однак, коли ви починаєте налаштовувати свою лютню, це їх, схоже, заспокоює. Легенько перебираючи струни, ви входите в бар..."
Scenario_SOLO_Soothsinger_BattleOfTheBards_Room_2_1,"Після вирішального бою біля входу ваші горе-соратники осміліли. Ви кидаєтеся вперед, у наступне приміщення, але ледь встигаєте ухилитися від арбалетних болтів, що летять у вас зі сцени в протилежній частині бару."
Scenario_SOLO_Soothsinger_BattleOfTheBards_Room_2_2,"- Навіть не сподівайся, Оспівуюча! - Глибокий, грудний голос, що викликає тремтіння, гулко розкочується залом з-за завіси біля дальньої стіни. - Забери свою жалюгідну банду п'яниць і залиш мене! Пісня глибин живе у всіх нас!"
Scenario_SOLO_Soothsinger_BattleOfTheBards_Room_2_3,"Незабаром вона покличе і до тебе..."
Scenario_SOLO_Soothsinger_BattleOfTheBards_Room_4_1,"Нарешті за лаштунками ви знаходите менестреля-вермлінга, яка ховається в гримерці під охороною ще двох зачарованих жертв."
Scenario_SOLO_Soothsinger_BattleOfTheBards_Room_4_2,"- Твій виступ блискучий, оспівуюча, але скільки ще ти зможеш грати?<br>Неприродно проникливий голос вермлінга обплутує ваш розум."
Scenario_SOLO_Soothsinger_BattleOfTheBards_Room_4_3,"Говорячи, вона безперестанку перебирає струни дивовижного вигляду лютні - немов тче зі звуків гобелен, здатний поховати вас під покровом розкотистого занепокоєння..."
Scenario_SOLO_Soothsinger_BattleOfTheBards_Room_4_4,"- Чи зможеш ти виспівувати свої жалюгідні куплетики досить довго, щоб зупинити мене? Навіть коли горло в тебе перехопить і ти захрипнеш, Пісня глибин, як і раніше, звучатиме! Скоро, дуже скоро твоя душа буде моєю!"
Scenario_SOLO_Soothsinger_BattleOfTheBards_Success_1,"Коли вермлінг падає замертво, лунає невпорядкований акорд, що розриває душу, а химерна лютня зі стуком вдаряється об підлогу. Пісня глибин обривається, і її вплив, що тяжким тягарем лежить на всьому і всіх, миттєво зникає."
Scenario_SOLO_Soothsinger_BattleOfTheBards_Success_2,"Ті, хто пережив бій, зітхають із полегшенням і сміються. Небезпека минула."
Scenario_SOLO_Soothsinger_BattleOfTheBards_Success_3,"Господар ""Бурих дверей"" дякує вам і пропонує солідну частку виручки з продажу випивки щоразу, коли ви виступатимете в його закладі."
Scenario_SOLO_Soothsinger_BattleOfTheBards_Success_4,"Більш відчутною нагородою, однак, стає закривавлена лютня, дбайливо висмикнута з мертвих пальців Пісні Глибин. Справжній витвір мистецтва!"
Quest_SOLO_Doomstalker_CorruptedHunt_NAME,"Погане полювання"
Quest_SOLO_Doomstalker_CorruptedHunt_DESC,"Той, хто прирікає, відвідує місця своєї юності"
Quest_SOLO_Doomstalker_CorruptedHunt_List,"Соло завдання для Обрікаючого"
Quest_SOLO_Doomstalker_CorruptedHunt_INTRO_GH_1,"У своїх думках ви часто повертаєтеся до села, що колись називали домівкою."
Quest_SOLO_Doomstalker_CorruptedHunt_INTRO_GH_2,"Ви обрали шлях найманого воїна, але часом відчуваєте болісний сором. Адже ви не визнали єдино правильним покласти себе і свою майстерність на вівтар захисту рідного дому від усієї можливої біди."
Quest_SOLO_Doomstalker_CorruptedHunt_INTRO_GH_3,"Село є кому захищати, і в глибині душі ви знаєте, що не помилилися у виборі, але все одно відчуваєте провину."
Quest_SOLO_Doomstalker_CorruptedHunt_INTRO_GH_4,"І щоразу, коли видається можливість, повертаєтеся додому - провідати родичів."
Quest_SOLO_Doomstalker_CorruptedHunt_INTRO,"І ось нещодавно ви з тривогою вислухали повідомлення розвідників: двоє могутніх демонів, що вторглися до довколишнього лісу, оскверняють тварин і землю. Чимало мисливців висловили бажання знищити їх, але ви й чути не бажаєте! Це ваш, і тільки ваш обов'язок: своїми руками розправитися з демонами та знищити принесену ними скверну!<br><br>Шлях до місця, про яке говорили мисливці, недовгий, і варто вам наблизитися, як ви відчуваєте зміни в шепотіння вітру. Поблизу нишпорить щось незриме й небезпечне.<br><br>Полювання почалося!"
Scenario_SOLO_Doomstalker_CorruptedHunt_Room_2_1,"Варто вам зробити крок уперед, як земля під ногами галасливо здригається і з неї виростає величезний демон, зляпаний із бруду та каміння."
Scenario_SOLO_Doomstalker_CorruptedHunt_Room_2_2,"- Невже крихітка орхід прийшов кинути нам виклик? - гуркоче тварюка. - Але на що може сподіватися самотній мисливець? Що сподівається протиставити нашій могутності? Ми розчавимо тебе!"
Scenario_SOLO_Doomstalker_CorruptedHunt_Room_3_1,"Варто вам вийти на наступну галявину, як вас обдає хвилею нестерпного жару. Перед вами - демон, і він палає полум'ям настільки сильним, що по краях його огортає блакитне сяйво."
Scenario_SOLO_Doomstalker_CorruptedHunt_Room_3_2,"- Нам дарована виняткова сила, мисливець! - Демон плюється і шипить, ніби окроплений водою розпечений казанок. - Нашу переможну ходу не зупинити!"
Scenario_SOLO_Doomstalker_CorruptedHunt_Room_4_1,"Розшукуючи подальші сліди осквернення, ви натикаєтеся на гніздо гадюк, які зовсім не відчувають радості від вашого вторгнення."
Scenario_SOLO_Doomstalker_CorruptedHunt_Room_4_2,"Ви буквально відчуваєте їхню отруйну злість. Зрозуміло, вони теж заражені, і їх потрібно позбутися!"
Scenario_SOLO_Doomstalker_CorruptedHunt_Success_1,"Знищивши останню з тварюк, ви знову відчуваєте зміни у вітрі. Скверна розвіюється."
Scenario_SOLO_Doomstalker_CorruptedHunt_Success_2,"Не бажаючи витрачати добро даремно, ви майструєте собі гарний плащ з їхніх шкір, а м'ясо відносите в село."
Scenario_SOLO_Doomstalker_CorruptedHunt_Success_3,"Тамтешні мешканці зустрічають вас стриманою вдячністю, яка на якийсь час приглушує почуття провини. І ви зі спокійною душею повертаєтеся на шлях найманця..."
Quest_SOLO_Sawbones_Aftermath_NAME,"Наслідки"
Quest_SOLO_Sawbones_Aftermath_DESC,"Костоправ потрібен в екстреному випадку!"
Quest_SOLO_Sawbones_Aftermath_List,"Соло завдання для Костоправа"
Quest_SOLO_Sawbones_Aftermath_INTRO_GH_1,"Приголомшливий гуркіт, ревіння полум'я, крики людей, що гинуть, і тріск землі, що розламується, виривають вас зі сну."
Quest_SOLO_Sawbones_Aftermath_INTRO_GH_2,"Поки ви, зіскочивши з ліжка, накидаєте одяг і хапаєте інструменти, зовні твориться справжнє пекло."
Quest_SOLO_Sawbones_Aftermath_INTRO_GH_3,"Лунають крики, коли потужний гуркіт каміння і вогню стрясає землю, ледве не збиваючи вас із ніг."
Quest_SOLO_Sawbones_Aftermath_INTRO_TRAVEL_1,"Ви біжите на шум щодуху, але на місце прибуваєте, коли безпосередня небезпека вже минула."
Quest_SOLO_Sawbones_Aftermath_INTRO_TRAVEL_2,"Хто б не напав на місто, воно відступило, залишивши після себе руїни і мертві тіла."
Quest_SOLO_Sawbones_Aftermath_INTRO,"Величезні шматки стін обвалилися, вулиці засипані щебенем. Однак куди більш нагальною проблемою ви вважаєте нещасних солдатів, які стогнуть в агонії. Не гаючи часу, ви приступаєте до справи: намагаєтеся врятувати якомога більше життів."
Scenario_SOLO_Sawbones_Aftermath_Room_3_1,"Підійшовши до зруйнованої стіни, ви бачите, що стан справ за нею ще гірший."
Scenario_SOLO_Sawbones_Aftermath_Room_3_2,"Безліч народу поховано під уламками - зокрема тяжкопораненого лейтенанта, що захлинається кров'ю з пробитих легенів.<br><br>Вас долають похмурі думки, але ви рішуче налаштовані врятувати всіх."
Scenario_SOLO_Sawbones_Aftermath_Success_1,"Кількість загиблих жахає. Вас втішає лише те, що ви врятували всіх, кого могли. Сповнений вдячності лейтенант вручає вам особливий кітель."
Quest_SOLO_Sawbones_Aftermath_OUTRO_GH_1,"Ви повертаєтеся до себе. Як і завжди, врешті-решт крики вмираючих у вашій голові вщухають, і ви занурюєтеся в глибокий сон."
Quest_SOLO_Elementalist_ElementalSecrets_NAME,"Таємниці стихій"
Quest_SOLO_Elementalist_ElementalSecrets_DESC,"Елементаліст відвідує Храм стихій"
Quest_SOLO_Elementalist_ElementalSecrets_List,"Соло завдання для Елементаліста"
Quest_SOLO_Elementalist_ElementalSecrets_INTRO_GH_1,"Жага пізнання - невгамовна штука. Хоча згустки енергії у ваших грудях і говорять про панування над стихіями, вони анітрохи не вгамовують це одвічне прагнення."
Quest_SOLO_Elementalist_ElementalSecrets_INTRO_GH_2,"Лише нагадують, що попереду ще довгий шлях."
Quest_SOLO_Elementalist_ElementalSecrets_INTRO_TRAVEL_1,"І врешті-решт він приводить вас назад у Храм стихій."
Quest_SOLO_Elementalist_ElementalSecrets_INTRO_TRAVEL_2,"Минулого разу ви тільки переконалися, що в глибинах храму на вас чекає неймовірна могутність...<br>І ось ви повернулися."
Quest_SOLO_Elementalist_ElementalSecrets_INTRO,"Трохи озирнувшись, ви відчуваєте сильне тяжіння, яке тягне вас до потайного проходу в стіні. За ним виявляються сходи в невідомість. Спускаючись, ви ледь не втрачаєте почуття від потоків стихійної енергії, що захльостують вас.<br><br>Уже в самому низу ви відчуваєте, що стихії буквально струмують по ваших жилах. Тепер вам усе під силу! І дуже доречно, оскільки з темряви перед вами якраз з'являється кілька демонів..."
Scenario_SOLO_Elementalist_ElementalSecrets_Success_1,"Нова сила незмірна, вона дає змогу передбачати рухи ворогів і знищувати їх із немислимою в інших випадках ефективністю."
Scenario_SOLO_Elementalist_ElementalSecrets_Success_2,"Після виснажливого протистояння ви вирішуєте залишитися і дослідити енергію стихій наскільки вийде глибоко."
Quest_SOLO_Elementalist_ElementalSecrets_OUTRO_TRAVEL_1,"За кілька днів ви залишаєте стіни храму, знайшовши нове розуміння і спорідненість зі стихіями."
Quest_SOLO_Elementalist_ElementalSecrets_OUTRO_GH_1,"Повернувшись у Похмуру гавань, ви беретеся до роботи. Те, що ви винесли з храму, ви перековуєте на спорядження, яке стане відмінною підмогою у вашому ремеслі."
Quest_SOLO_BeastTyrant_TheCagedBear_NAME,"Ведмідь у клітці"
Quest_SOLO_BeastTyrant_TheCagedBear_DESC,"Повелитель звірів досліджує дикі землі"
Quest_SOLO_BeastTyrant_TheCagedBear_List,"Соло завдання для Повелителя звірів"
Quest_SOLO_BeastTyrant_TheCagedBear_INTRO_TRAVEL_1,"Більшість ночей ви проводите за межами Похмурої гавані. Серед дерев і звірів вам куди затишніше і спокійніше. Місто тисне на вас. А ще воно смердить!"
Quest_SOLO_BeastTyrant_TheCagedBear_INTRO_TRAVEL_2,"Серед ночі вас будить вовче виття. Ні, радше навіть не виття, а стогін. Біда!"
Quest_SOLO_BeastTyrant_TheCagedBear_INTRO_TRAVEL_3,"Покликавши свого ведмедя, ви йдете на поклик."
Quest_SOLO_BeastTyrant_TheCagedBear_INTRO,"- Ні кроку далі!"" Ваші пошуки перериває жіночий голос іншого вермлінга. Ви завмираєте і вдивляєтеся в темряву. На дальньому краю галявини вгадуються силуети тварин. З тіні виступає грізного вигляду вермлінг:<br><br>""- Сама природа визнала тебе зрадником свого єства і доручила мені вбити тебе!"" Ви починаєте було заперечувати, але вермлінг невблаганно проголошує:<br><br>""- Ти марно витрачаєш силу, допомагаючи місту поширювати свою отруту. А варто було б знищити його! Місто - погана пухлина на тілі землі, і земля потребує зцілення! ""<br><br>""Ти позбавляєшся права керувати силами природи і засуджуєшся до смерті!"" Вона піднімає посох, і земля йде у вас з-під ніг.<br><br>Ви з гуркотом провалюєтеся крізь землю і втрачаєте свідомість. Коли місячне світло просочується в печеру, в якій ви опинилися, ви розумієте, що ваш ведмідь пропав. Він десь поруч, ви відчуваєте це, але якийсь час вам доведеться розраховувати тільки на себе...<br><br>Ні! У печері все ж таки перебуває якийсь звір. Тільки налаштований він далеко не дружелюбно..."
Scenario_SOLO_BeastTyrant_TheCagedBear_Room_2_1,"Слова вермлінга дзвенять у вас у вухах, проте ви відмовляєтеся їм вірити. І все одно ви ні за що, ніколи в житті не здастеся без бою! Ви кидаєтеся в темряву..."
Scenario_SOLO_BeastTyrant_TheCagedBear_Room_3_1,"Щоб вирватися з цієї в'язниці, ви змушені вбивати все більше і більше звірів, і це наповнює вас відчайдушною люттю. Воля природи?! Як же!"
Scenario_SOLO_BeastTyrant_TheCagedBear_Room_3_2,"Хоч ви й обрали шлях найманця, ви ніколи не забували про те, хто ви є і чому присвячені. Ця зрадниця ще поплатиться за свою брехню!"
Scenario_SOLO_BeastTyrant_TheCagedBear_Room_4_1,"Попереду розгорається слабке світло - вихід із цієї павутини печер. І тут перед вами постає об'єкт вашої пекучої люті - вермлінг, що ледь не поховала вас живцем."
Scenario_SOLO_BeastTyrant_TheCagedBear_Room_4_2,"- Навіть коли сили твої закінчуються, у тобі залишається достатньо злоби, щоб перебити моїх звірів і кинути виклик мені самій! - вигукує вона. - Але ти програєш."
Scenario_SOLO_BeastTyrant_TheCagedBear_Room_4_3,"У вас є що відповісти цій брехливій мерзотниці, але всі слова розчиняються в єдиному, сповненому сили природи первісному ревіння."
Scenario_SOLO_BeastTyrant_TheCagedBear_Room_4_4,"В очах вашої супротивниці миготить страх, коли ви разом із ведмедем кидаєтеся вперед..."
Scenario_SOLO_BeastTyrant_TheCagedBear_Success_1,"Схилившись над трупом вермлінга, ви з огидою плюєте на нього. Природа не залишила вас своєю милістю, ви це довели."
Scenario_SOLO_BeastTyrant_TheCagedBear_Success_2,"Вирвавши з мертвих лап справжньої зрадниці посох, ви кидаєте її гнити. Нехай земля стане їй суддею. Нехай насититься нею і з часом народить з її нікчемного тіла нове життя..."
,""
Scenario_SOLO_Tinkerer_AnUnfortunateIntrusion_Objective_1,"Захистити хоча б 1 міського стражника"
Scenario_SOLO_Tinkerer_AnUnfortunateIntrusion_Objective_2,"Вижити 12 раундів"
Scenario_SOLO_Mindthief_RodentLiberation_Modifier_1,"Відчинивши двері в другу кімнату Крадуща розум отримає 5 шкоди і стан <nobr>Отруєння <sprite name=Poison></nobr>.<br>Наприкінці кожного раунду Крадуща розум буде отримувати стан <nobr>Отруєння <sprite name=Poison></nobr> (або додатково 3 шкоди, якщо такий стан вже є).<br>Отруєння перестане накладатися після знищення всіх вівтарів"
Scenario_SOLO_Mindthief_RodentLiberation_Objective_1,"Знищити всі вівтарі вермлінгів"
Scenario_SOLO_Mindthief_RodentLiberation_Altar,"Вівтар вермлінгів"
Scenario_SOLO_Berserker_UnnaturalInstincts_Objective_1,"Убити інокса-некроманта"
Scenario_SOLO_Soothsinger_BattleOfTheBards_Objective_1,"Вбити Пісню глибин"
Scenario_SOLO_Doomstalker_CorruptedHunt_Modifier_1,"Примарний вовк на початку кожного раунду стає невидимим"
Scenario_SOLO_Doomstalker_CorruptedHunt_Modifier_2,"Усі гігантські гадюки отримують <nobr>+1 <sprite name=Attack></nobr> до всіх їхніх атак"
Scenario_SOLO_Doomstalker_CorruptedHunt_Modifier_3,"Полум'я збільшує на 2 силу свого удару у відповідь, його дальність, а також щит"
Scenario_SOLO_Sawbones_Aftermath_Objective_1,"Врятувати всіх поранених союзників"
Scenario_SOLO_Sawbones_Aftermath_Objective_2,"Поразка, якщо загине будь-який міський стражник"
Scenario_SOLO_Sawbones_Aftermath_Objective_3,"Поразка, якщо Лейтенант не буде врятований за 10 раундів"
Scenario_SOLO_Sawbones_Aftermath_Modifier_1,"Усі виявлені міські стражники отримують по 1 втраті наприкінці раунду. Щоб врятувати, вилікуйте їх повністю"
Scenario_SOLO_Sawbones_Aftermath_Modifier_2,"Якщо ви дасте союзнику аптечку, то вони відразу використають її для лікування"
Scenario_SOLO_Sawbones_Aftermath_Debris,"Уламок"
Scenario_SOLO_Elementalist_ElementalSecrets_Modifier_1,"Кожен раунд одна зі стихій буде сильною, по порядку: Повітря, Лід, Земля, Вогонь"
Scenario_SOLO_Elementalist_ElementalSecrets_Modifier_2,"Ви зможете вибрати свої карти здібностей після того як відкриються карти ворогів"
Scenario_SOLO_BeastTyrant_TheCagedBear_Modifier_1,"Перешкоди в цьому завданні не можна подолати, ні польотом, ні стрибком. І не можна знищити або зрушити"
Scenario_SOLO_BeastTyrant_TheCagedBear_Modifier_2,"Нижню дію здатності Приглушливий рев використовувати не можна."
Scenario_SOLO_ObjectiveKillAll,"Убити всіх ворогів"
Scenario_SOLO_Spellweaver_CorruptedLaboratory_Objective_2,"Та, що плете чари, повинна досягти клітки виходу"
Scenario_SOLO_Spellweaver_CorruptedLaboratory_Objective_1,"Здобути інкрустовану скриню"
Scenario_SOLO_Spellweaver_CorruptedLaboratory_Modifier_1,"Убийте кам'яного голема, щоб відкрити двері"
Scenario_SOLO_Sunkeeper_CaravanEscort_AllyGuardsModifier,"Усі союзні міські стражники діють з ініціативою 99, виконуючи Рух+0, Атака+0 на основі їхніх характеристик"
Scenario_SOLO_Soothsinger_BattleOfTheBards_AllyBanditsModifier,"Усі союзні розбійники діють з ініціативою 49, виконуючи Рух+0, Атака+0 на основі їхніх характеристик"
Scenario_SOLO_Berserker_UnnaturalInstincts_Objective_2,"Убийте всіх виявлених ворогів, щоб відкрити двері"
Scenario_SOLO_Nightshroud_HarvestingTheNight_objective_1,"Убийте 6 нічних демонів"
Scenario_SOLO_Cragheart_StoneDefense_Objective_1,"Виживіть 6 раундів"
Scenario_SOLO_Cragheart_StoneDefense_Objective_2,"Убийте всіх виявлених ворогів"
Scenario_SOLO_Plagueherald_PlaguedCrypt_Modifier_1,"Починаючи з 2-го раунду двері відчинятимуться кожні 3 раунди за годинниковою стрілкою, починаючи з останньої"
GhostWolf,"Примарний вовк"
SpiritBear,"Дух ведмедя"
DeepEarth,"!нвDeep Earth"
EarthLord,"!нв Earth Lord"
SongOfTheDeep,"Пісня глибин"
HighFlame,"Полум'я"
VermlingDruid,"Вермлінг-друїд"
InoxNecromancer,"Інокс-некромант"
SpiritOfXorn,"Дух Зорна"
Rikharn,"Ріхарн"
WoundedGuard,"Поранений стражник"
Lieutenant,"Лейтенант"
588606,"Закликати 1 ожилий труп, якщо в цілі немає імунітету до Роззброєння <sprite name=Disarm>"
589606,"Закликати 1 ожилий труп, якщо в цілі немає імунітету до Паралічу <sprite name=Immobilize>"
595606,"Закликати 1 ожилий труп, якщо в цілі немає імунітету до Прокляття <sprite name=Curse>"
ADVENTURE_ACHIEVEMENT_1_1_BeastTyrantItem,"Домінуй і володарюй"
ADVENTURE_ACHIEVEMENT_1_1_BeastTyrantItem_Desc,"Завершено друге сюжетне завдання Повелителя звірів"
ADVENTURE_ACHIEVEMENT_1_1_BerserkerItem,"Маскарад"
ADVENTURE_ACHIEVEMENT_1_1_BerserkerItem_Desc,"Завершено друге сюжетне завдання Берсерка"
ADVENTURE_ACHIEVEMENT_1_1_BruteItem,"Сяючий клинок"
ADVENTURE_ACHIEVEMENT_1_1_BruteItem_Desc,"Завершено друге сюжетне завдання Дикуна"
ADVENTURE_ACHIEVEMENT_1_1_CragheartItem,"Чарівний напад"
ADVENTURE_ACHIEVEMENT_1_1_CragheartItem_Desc,"Завершено друге сюжетне завдання Пустотілого"
ADVENTURE_ACHIEVEMENT_1_1_DoomstalkerItem,"То тут, то там"
ADVENTURE_ACHIEVEMENT_1_1_DoomstalkerItem_Desc,"Завершено друге сюжетне завдання Прирікача"
ADVENTURE_ACHIEVEMENT_1_1_ElementalistItem,"Початок початків"
ADVENTURE_ACHIEVEMENT_1_1_ElementalistItem_Desc,"Завершено друге сюжетне завдання Елементаліста"
ADVENTURE_ACHIEVEMENT_1_1_MindthiefItem,"Фінт клинком"
ADVENTURE_ACHIEVEMENT_1_1_MindthiefItem_Desc,"Завершено друге сюжетне завдання Крадійки розуму"
ADVENTURE_ACHIEVEMENT_1_1_NightshroudItem,"Як дим"
ADVENTURE_ACHIEVEMENT_1_1_NightshroudItem_Desc,"Завершено друге сюжетне завдання Покрова ночі"
ADVENTURE_ACHIEVEMENT_1_1_PlagueheraldItem,"І знову Зорн"
ADVENTURE_ACHIEVEMENT_1_1_PlagueheraldItem_Desc,"Завершено друге сюжетне завдання Провісника чуми"
ADVENTURE_ACHIEVEMENT_1_1_QuartermasterItem,"Підтяжки та пояс"
ADVENTURE_ACHIEVEMENT_1_1_QuartermasterItem_Desc,"Завершено друге сюжетне завдання Інтенданта"
ADVENTURE_ACHIEVEMENT_1_1_SawbonesItem,"Те, що лікар прописав"
ADVENTURE_ACHIEVEMENT_1_1_SawbonesItem_Desc,"Завершено друге сюжетне завдання Костоправа"
ADVENTURE_ACHIEVEMENT_1_1_ScoundrelItem,"Тиха і смертельна"
ADVENTURE_ACHIEVEMENT_1_1_ScoundrelItem_Desc,"Завершено друге сюжетне завдання Шахрайки"
ADVENTURE_ACHIEVEMENT_1_1_SoothsingerItem,"Гра на лютні"
ADVENTURE_ACHIEVEMENT_1_1_SoothsingerItem_Desc,"Завершено друге сюжетне завдання Оспівувачки"
ADVENTURE_ACHIEVEMENT_1_1_SpellweaverItem,"Вибухова натура"
ADVENTURE_ACHIEVEMENT_1_1_SpellweaverItem_Desc,"Завершено друге сюжетне завдання Плетучої чари"
ADVENTURE_ACHIEVEMENT_1_1_SummonerItem,"Зсув за фазою"
ADVENTURE_ACHIEVEMENT_1_1_SummonerItem_Desc,"Завершено друге сюжетне завдання Закликувачки"
ADVENTURE_ACHIEVEMENT_1_1_SunkeeperItem,"Ловець сонця"
ADVENTURE_ACHIEVEMENT_1_1_SunkeeperItem_Desc,"Завершено друге сюжетне завдання Хранительки сонця"
ADVENTURE_ACHIEVEMENT_1_1_TinkererItem,"Промінь надії"
ADVENTURE_ACHIEVEMENT_1_1_TinkererItem_Desc,"Завершено друге сюжетне завдання Винахідника"
Message_Unlock_Solo_DLC_1,"А, ось і ви!"
Message_Unlock_Solo_DLC_2,"Я щойно отримав послання від Ради Demons gate."
Message_Unlock_Solo_DLC_3,"Вочевидь, у спробі переконати ""героїв"" вийти у світ і усунути основні загрози для Ради, вони виділили частину міської скарбниці, щоб витратити її на ""Нагороди за завдання""."
Message_Unlock_Solo_DLC_4,"Я думав, що вони повинні змусити міську варту зробити це, хіба не за це платяться наші податки?"
Message_Unlock_Solo_DLC_5,"Мабуть так... Однак замість простої грошової винагороди вони вкрили одне зі сховищ під містом і приготували як нагороди низку сильних артефактів."
Message_Unlock_Solo_DLC_6,"Артефакти, ага, а варта, звісно, піди й не знає, як ними користуватися!"
Message_Unlock_Solo_DLC_7,"Особливо гарною новиною є те, що вони також присуджуються ретроспективно, тож будь-яке з ваших минулих досягнень отримає нове спорядження."
Message_Unlock_Solo_DLC_8,"Просто зайдіть до тренера, щоб подивитися, що вже доступно."
GUI_CHOOSE_ABILITY_ITEM_NAME_MastersLute,"Виберіть Рух <sprite name=Move> 2, або Атака <sprite name=Attack> 2."
GUI_DLC2_OWNED_TOOLTIP,"(RuHavenSolo v2) Готові до нового випробування? Відправляйте своїх найманців із Похмурої Гавані на смертельно небезпечні поодинокі місії та відкривайте нові потужні предмети!"