Keys,"English [en-GB]"
GUI_OBJECTIVE_REACH_POSITION_LOSE,"Lose if {0} enemies reach dungeon exit"
GUI_OBJECTIVE_REACH_POSITION_WIN,"Reach dungeon exit with {0} mercenaries to win"
GUI_OBJECTIVE_REACH_ROUND_LOSE,"Lose in {0} rounds"
GUI_OBJECTIVE_REACH_ROUND_WIN,"Survive {0} more rounds"
GUI_OBJECT_WITH_HEALTH,"Object with Health"
GUI_OK,"OK"
GUI_ON_ATTACK_CONDITIONS_TITLE,"On-Attack Conditions"
GUI_ON_DEATH_ADJACENT,"On death: Attack <sprite name=Attack> {0}. Target all adjacent enemies."
GUI_OPEN_DOOR,"Open Door"
GUI_OPTIONS,"Options"
GUI_OPT_AUDIO,"Audio"
GUI_OPT_AUDIO_EFFECTS,"Effects Volume"
GUI_OPT_AUDIO_MASTER,"Master Volume"
GUI_OPT_AUDIO_MUSIC,"Music Volume"
GUI_OPT_AUDIO_MUTE_IN_BACKGROUND,"Mute In Background"
GUI_OPT_AUDIO_NARRATION,"Story Volume"
GUI_OPT_AUDIO_PING,"Multiplayer: Player Ping"
GUI_OPT_COMBAT_LOG,"Combat Log"
GUI_OPT_COMBAT_LOG_ABILITIES,"Abilities"
GUI_OPT_COMBAT_LOG_CONDITIONS,"Conditions and Effects"
GUI_OPT_COMBAT_LOG_DAMAGE,"Damage"
GUI_OPT_COMBAT_LOG_DEATHS,"Deaths"
GUI_OPT_COMBAT_LOG_HEALING,"Healing"
GUI_OPT_COMBAT_LOG_INFUSIONS,"Element Infusions"
GUI_OPT_COMBAT_LOG_ITEMS,"Items"
GUI_OPT_COMBAT_LOG_MODIFIERS,"Modifiers"
GUI_OPT_COMBAT_LOG_MULTIPLAYER,"Multiplayer"
GUI_OPT_COMBAT_LOG_OFF,"Off"
GUI_OPT_COMBAT_LOG_ON,"On"
GUI_OPT_CONTROL,"Controls"
GUI_OPT_CONTROL_CAMERA,"Camera Controls"
GUI_OPT_CONTROL_CAMERA_MD,"Move Down"
GUI_OPT_CONTROL_CAMERA_ML,"Move Left"
GUI_OPT_CONTROL_CAMERA_MR,"Move Right"
GUI_OPT_CONTROL_CAMERA_MU,"Move Up"
GUI_OPT_CONTROL_CAMERA_RL,"Rotate Left"
GUI_OPT_CONTROL_CAMERA_RR,"Rotate Right"
GUI_OPT_CONTROL_CAMERA_ZOOM_IN,"Zoom In"
GUI_OPT_CONTROL_CAMERA_ZOOM_OUT,"Zoom Out"
GUI_OPT_CONTROL_CONTROLLER,"Controller Mapping"
GUI_OPT_CONTROL_CONTROLLER_HIGHLIGHT_HEXES,"Highlight Hexes"
GUI_OPT_CONTROL_CONTROLLER_SHOW_CARDS,"Show Cards"
GUI_OPT_CONTROL_ENABLE_SECOND_CLICK_HEX_CONFIRM,"Second Click Hex to Confirm"
GUI_OPT_CONTROL_HOLD_TO_PING,"Hold key and Left Click to ping a tile"
GUI_OPT_CONTROL_MOUSE_ROTATE,"Mouse Rotate"
GUI_OPT_CONTROL_OTHER,"Other controls"
GUI_OPT_CONTROL_OTHER_DC,"Display All Cards"
GUI_OPT_CONTROL_OTHER_DC_HERO1,"Display Mercenary 1 Cards"
GUI_OPT_CONTROL_OTHER_DC_HERO2,"Display Mercenary 2 Cards"
GUI_OPT_CONTROL_OTHER_DC_HERO3,"Display Mercenary 3 Cards"
GUI_OPT_CONTROL_OTHER_DC_HERO4,"Display Mercenary 4 Cards"
GUI_OPT_CONTROL_OTHER_HI,"Highlight Interactables"
GUI_OPT_CONTROL_RESET,"Reset"
GUI_OPT_CONTROL_SCENARIO,"Scenario Controls"
GUI_OPT_CONTROL_SCENARIO_BURN_2_CARDS,"Burn 2 Cards"
GUI_OPT_CONTROL_SCENARIO_BURN_CARD,"Burn 1 Card"
GUI_OPT_CONTROL_SCENARIO_CONFIRM,"Confirm Action"
GUI_OPT_CONTROL_SCENARIO_SKIP,"Skip Attack"
GUI_OPT_CONTROL_SCENARIO_TAKE_DAMAGE,"Receive Damage"
GUI_OPT_CONTROL_SCENARIO_UNDO,"Clear Targets/Undo"
GUI_OPT_CONTROL_SPEED_UP,"Fast Forward"
GUI_OPT_CONTROL_TARGETING,"Targeting Controls"
GUI_OPT_CONTROL_TARGETING_R,"Rotate"
GUI_OPT_CONTROL_TARGETING_RL,"Rotate Left"
GUI_OPT_CONTROL_TARGETING_RR,"Rotate Right"
GUI_OPT_DIFFICULTY,"Difficulty"
GUI_OPT_GRAPHICS,"Graphics"
GUI_OPT_GRAPHICS_ADVANCED,"Advanced"
GUI_OPT_GRAPHICS_ADVANCED_DISABLE,"Hide Advanced Settings"
GUI_OPT_GRAPHICS_ADVANCED_ENABLE,"Display Advanced Settings"
GUI_OPT_GRAPHICS_ANISOTROPIC,"Anisotropic Textures"
GUI_OPT_GRAPHICS_ANTIALIASING,"Anti Aliasing"
GUI_OPT_GRAPHICS_BEAUTIFUL,"Beautiful"
GUI_OPT_GRAPHICS_CUSTOM,"Custom"
GUI_OPT_GRAPHICS_FANTASTIC,"Fantastic"
GUI_OPT_GRAPHICS_FAST,"Fast"
GUI_OPT_GRAPHICS_FASTEST,"Fastest"
GUI_OPT_GRAPHICS_FPS,"FPS"
GUI_OPT_GRAPHICS_GOOD,"Good"
GUI_OPT_GRAPHICS_OTHER,"Other"
GUI_OPT_GRAPHICS_PIXEL_LIGHT,"Pixel Light Count"
GUI_OPT_GRAPHICS_REFLECTION_PROBE,"Realtime Reflection Probes"
GUI_OPT_GRAPHICS_RENDER,"Rendering"
GUI_OPT_GRAPHICS_SHADOWS,"Shadows"
GUI_OPT_GRAPHICS_SHADOW_RES,"Shadow Resolution"
GUI_OPT_GRAPHICS_SIMPLE,"Simple"
GUI_OPT_GRAPHICS_SKIN_WEIGHT,"Skin Weights"
GUI_OPT_GRAPHICS_SOFT_PARTICLES,"Soft Particles"
GUI_OPT_GRAPHICS_TEXTURE_QUALITY,"Texture Quality"
GUI_OPT_GRAPHICS_VSYNC,"VSync Count"
GUI_OPT_INTERFACE,"Interface"
GUI_OPT_INTERFACE_ABILITY_FOCUS_OUTLINES,"Ability Focus Outlines"
GUI_OPT_INTERFACE_MOUSE_HOVER_OUTLINES,"Mouse Hover Outlines"
GUI_OPT_LANGUAGE,"Language"
GUI_OPT_LANG_APPLY,"Applying a different language requires the game to reload"
GUI_OPT_LANG_TITLE,"Action Required"
GUI_OPT_SHARED_GOLD,"Shared Gold"
GUI_OPT_SHARED_GOLD_DESCRIPTION,"All gold is shared across all Mercenaries in the Guild"
GUI_OPT_SPLIT_GOLD,"Split Gold"
GUI_OPT_SPLIT_GOLD_DESCRIPTION,"Each Mercenary manages an individual amount of Gold"
GUI_OPT_VIDEO,"Display"
GUI_OPT_VIDEO_BORDERLESS,"Borderless"
GUI_OPT_VIDEO_BORDERLESSWINDOWED,"Borderless"
GUI_OPT_VIDEO_DISPLAY,"Display Mode"
GUI_OPT_VIDEO_FULLSCREEN,"Fullscreen"
GUI_OPT_VIDEO_RESOLUTION,"Resolution"
GUI_OPT_VIDEO_WINDOWED,"Windowed"
GUI_OTHER_PLAYER_RETIREMENT_TOOLTIP,"<size=+2><color=#EACF8C>Retirement</color></size>
One of the Mercenaries in your party is about to retire.
Click to proceed to the Retirement"
GUI_PARTY,"Party"
GUI_PARTY_ASSEMBLY_ENTER_NAME,"Enter Guild Name"
GUI_PARTY_ASSEMBLY_ENTER_NAME_CAMPAIGN,"Enter Party Name"
GUI_PARTY_PRICE,"Cost: {0} Renown"
GUI_PARTY_SIZE,"{0} Heroes"
GUI_PASS,"Pass"
GUI_PASSIVE_ATTRIBUTES,"Passive Attributes"
GUI_PASSIVE_ATTRIBUTES_DESCRIPTION,"Passive Attributes allow the character to ignore specific negative effects"
GUI_PERFORM_LONG_REST,"Perform Long Rest"
GUI_PERKS,"Perks"
GUI_PERKS_LEGEND_ADD,"Add:"
GUI_PERKS_LEGEND_QUANTITY,"Quantity:"
GUI_PERKS_LEGEND_REMOVE,"Remove:"
GUI_PERKS_POINTS,"{0} Available Perks"
GUI_PERKS_TOOLTIP,"Welcome to the <b>Perks</b> Screen. Here you are able to spend any <b>Perks</b> you have acquired to add, remove or replace your existing <b>Attack Modifiers</b>. Look at your abilities and items, and decide what <b>Attack Modifiers</b> are best for your character, but be careful: once spent, <b>Perks</b> cannot be undone!"
GUI_PERK_CHECK_TOOLTIP,"<size=+2><color=#EACF8C>Perks</color></size>
Earn Perk Points <sprite name=""PerkPoint_Icon""> by completing Battle Goals.
Everytime you earn 3 Perk Points you can choose a Perk to unlock."
GUI_PERK_MODIFIER_ADD,"Add"
GUI_PERK_MODIFIER_REMOVE,"Remove"
GUI_PERK_MODIFIER_REPLACE,"Replace"
GUI_PERK_MODIFIER_REPLACE_WITH,"with"
GUI_PERSISTENT_BONUSES,"Persistent Bonuses"
GUI_PERSONAL_QUEST_COMPLETED,"Personal Quest Completed!"
GUI_PERSONAL_QUEST_CONCEAL_TOOLTIP,"Other players won't be able to see your personal Quest"
GUI_PERSONAL_QUEST_CONCEAL_TOOLTIP_TITLE,"Conceal Personal Quest"
GUI_PERSONAL_QUEST_PROGRESS_COMPLETED,"Personal Quest Step Completed"
GUI_PERSONAL_QUEST_SHOW_TOOLTIP,"Other players will be able to see your personal Quest"
GUI_PERSONAL_QUEST_SHOW_TOOLTIP_TITLE,"Show Personal Quest"
GUI_PLAYER_CONNECTING,"Connecting..."
GUI_PLAYER_DIE_BANNER,"{0} has died"
GUI_PLAYER_EXHAUSTED_BANNER,"{0} is exhausted"
GUI_PLAYER_OFFLINE,"Offline"
GUI_PLAYER_ONLINE,"Online"
GUI_PLAYING_GAME,"Playing"
GUI_PLAYSTEST_LEVELS,"Playtest Levels"
GUI_POSITIVE_CONDITIONS,"Positive Conditions"
GUI_PROP_CAN_BE_LOOTED_BY,"{0}"
GUI_PartyGold,"Gold coins owned by the party."
GUI_PartyGold_Tooltip,"Gold coins owned by the party.
Total: {0}"
GUI_PartyLevel,"<size=+4><color=#F1DBAE>Party Level</color></color></size>
This is calculated by taking the average character level in the party, dividing by 2 and rounding up. This is then used to determine the level of enemies, the damage of traps and the value of loot in the Scenario."
GUI_PartyProsperity,"Gloomhaven Wealth"
GUI_PartyProsperity_Tooltip,"<size=+4><color=#F1DBAE>Gloomhaven Wealth - Level {0}</color></color></size>
Gloomhaven's Wealth unlocks new items in the Merchant's shop and allows you to create new characters with a level equal to or lower than the current Gloomhaven Wealth Level.
Earning Prosperity <sprite name=""ProsperityLevel_Icon""> will increase Gloomhaven's Wealth. Prosperity can be earned or lost by completing certain Scenarios or Encounters."
GUI_PartyReputation,"Reputation"
GUI_PartyReputation_Tooltip,"<size=+4><color=#F1DBAE>Reputation Level {0}</color>
<color=#{2}><rotate={3}><sprite name=""ReputationLevel_Icon"" color=#{2}></rotate> Reputation Modifier: {1}<sprite name=""Gold_Icon_White"" color=#{2}></color></size>
The Party's Reputation will influence the cost of items in the Merchant's Shop and the outcome of certain Encounters."
GUI_QUEST_COMPLETED,"Completed"
GUI_QUEST_COMPLETED_REWARDS,"Quest Complete!"
GUI_QUEST_COMPLETED_REWARDS_CLOSE,"Claim Rewards!"
GUI_QUEST_COMPLETED_UNAVAILABLE_REWARDS,"No further Rewards available, you have already completed this Scenario."
GUI_QUEST_ENEMIES,"Enemies:"
GUI_QUEST_GROUP_City,"City Quests"
GUI_QUEST_GROUP_Completed,"Completed Quests"
GUI_QUEST_GROUP_Job,"Job"
GUI_QUEST_GROUP_Relic,"Relic"
GUI_QUEST_GROUP_Story,"Story"
GUI_QUEST_GROUP_Travel,"Travel"
GUI_QUEST_GROUP_World,"World Quests"
GUI_QUEST_LOCKED,"This quest is locked"
GUI_QUEST_REWARDS,"Rewards:"
GUI_QUEST_REWARD_AddModifiers,"Gain {0} Attack Modifiers"
GUI_QUEST_REWARD_CityEvent,"Unlock City Event"
GUI_QUEST_REWARD_ConsumeItem,"At the start of the Scenario Consume 1 {0} each"
GUI_QUEST_REWARD_ConsumeItem_Combined,"Consume 1 {0} "
GUI_QUEST_REWARD_Discard,"At the start of the Scenario Discard {0} cards each"
GUI_QUEST_REWARD_Discard_Combined,"Discard {0} cards"
GUI_QUEST_REWARD_EnchantmentPoints,"{0} Enchantment Point Each"
GUI_QUEST_REWARD_EnhancementSlots,"Gain {0} Enhancement Slot"
GUI_QUEST_REWARD_GAIN_EXCLUDEPREVIOUSCHARACTER,"All other characters gain {0} collective gold"
GUI_QUEST_REWARD_GAIN_GOLDBAG,"One character gains {0} Gold"
GUI_QUEST_REWARD_GlobalAchievement,"Gain Global Achievement"
GUI_QUEST_REWARD_GoldEach,"{0} Each"
GUI_QUEST_REWARD_ItemStock,"{0} Design"
GUI_QUEST_REWARD_LOSE_EXCLUDEPREVIOUSCHARACTER,"All other characters lose {0} collective gold"
GUI_QUEST_REWARD_LOSE_GOLDBAG,"One character loses {0} Gold"
GUI_QUEST_REWARD_Loot_Item,"{0} loots {1} "
GUI_QUEST_REWARD_LoseItem,"Lose 1 {0}"
GUI_QUEST_REWARD_Multiplayer,"Multiplayer Mode"
GUI_QUEST_REWARD_NONE,"Unclaimed"
GUI_QUEST_REWARD_PERKPOINT_Unlocked,"New Perk Unlocked!"
GUI_QUEST_REWARD_PartyAchievement,"Gain Party Achievement"
GUI_QUEST_REWARD_Perk,"Gain Perk"
GUI_QUEST_REWARD_PerkCheck,"{0} Perk Point"
GUI_QUEST_REWARD_PerkPoint,"Gain Perk"
GUI_QUEST_REWARD_PerkPoints,"Gain {0} Perk"
GUI_QUEST_REWARD_Prosperity,"{0} Prosperity"
GUI_QUEST_REWARD_Reputation,"{0} Reputation"
GUI_QUEST_REWARD_RoadEvent,"Unlock Road Event"
GUI_QUEST_REWARD_Unlock,"Unlock {0}"
GUI_QUEST_REWARD_UnlockChapter,"Unlock Chapter {0}"
GUI_QUEST_REWARD_UnlockCharacter,"Unlock"
GUI_QUEST_REWARD_UnlockEnhancer,"Unlock Enchantress"
GUI_QUEST_REWARD_UnlockQuest,"Unlock Quest"
GUI_QUEST_REWARD_UnlockRelicQuest,"Unlock Relic Quest"
GUI_QUEST_REWARD_Unlocked,"{0} Unlocked"
GUI_QUEST_SELECTED_BY_HOST,"<color=#FCC954FF>This Quest has been selected by the Host.</color>"
GUI_QUEST_SELECT_BLOCKED,"You cannot start a Quest while a Mercenary with a completed Personal Quest is in the Party."
GUI_QUEST_STARTING_LOCATION_MISSING,"This quest requires a starting village"
GUI_QUEST_TREASURES,"Treasures"
GUI_QUEST_TREASURES_REWARD,"{0} Treasure Chest"
GUI_READY,"Ready up!"
GUI_READY_TOWN_RECORDS,"Town Records"
GUI_REDRAW_CARD,"Redraw <color=""red"">(<sprite name=""Attack"" tint=1 >1 Self)"
GUI_REFRESH_ITEMS_TIP,"Refresh item"
GUI_REFRESH_ITEMS_TITLE,"Choose an item to refresh"
GUI_REFRESH_MODS,"Refresh Mods"
GUI_REMOVE,"Remove"
GUI_REMOVE_PLAYER,"Remove Player"
GUI_RENOWN,"Renown"
GUI_REPLAY_LOCATION,"Replay Quest"
GUI_REPLY,"Replay"
GUI_REPORT_SOFTLOCK,"Report Soft Lock"
GUI_REPORT_SOFTLOCK_DESCR,"<size=90%>If you are quitting due to a <color=#EACF8C>Soft Lock</color>, please report it first"
GUI_RESET,"Reset"
GUI_RESET_CHARACTER_LEVEL,"Reset Mercenary"
GUI_RESET_CHARACTER_LEVEL_CONFIRMATION,"Reset Abilities"
GUI_RESET_CHARACTER_LEVEL_TOOLTIP,"<color=#CEAD5A>Reset Mercenary</color> returns a Mercenary's Mastered Abilities and Perks to the starting set and allows you to rebuild a character from level 1 up to their current level.
Reset Mercenary will not affect the Mercenary's current XP."
GUI_RESET_PARTY,"Reset Party"
GUI_RESTART,"Restart"
GUI_RESTART_ROUND,"Restart Round"
GUI_RESTART_ROUND_GAMEMODE_TOOLTIP,"You cannot restart the round during the tutorial."
GUI_RESTART_ROUND_MP_HOST_TOOLTIP,"Only the host can restart the round"
GUI_RESTART_ROUND_PHASE_TOOLTIP,"You can restart the round at the start of the round or on your mercenaries turn during action selection"
GUI_RESTART_ROUND_WHILE_PLAYERS_JOINING_MP_TOOLTIP,"There are players currently joining the session. Restarting the round is prevented for the duration."
GUI_RESTART_TURN,"Restart Turn"
GUI_RESULTS_ACCOMPLISHMENTS,"Accomplishments"
GUI_RESULTS_CHESTS,"Chests Looted"
GUI_RESULTS_DAMAGE_DONE,"Damage Done"
GUI_RESULTS_DAMAGE_TAKEN,"Damage Taken"
GUI_RESULTS_ENEMIES,"Enemies Killed"
GUI_RESULTS_EXHAUSTIONS,"Exhaustions"
GUI_RESULTS_GOLD,"Gold Piles Looted"
GUI_RESULTS_HEALING,"Healing Done"
GUI_RESULTS_HIGHEST,"Highest Score"
GUI_RESULTS_HIGHEST_SCORE_HIGHLIGHT,"Record!"
GUI_RESULTS_ITEMS_SPENT,"Items Used"
GUI_RESULTS_LOSE,"Defeat"
GUI_RESULTS_OBJECTIVE,"Objective"
GUI_RESULTS_REWARD,"Claim your Reward!"
GUI_RESULTS_STATS,"Stats"
GUI_RESULTS_TOTAL,"Total"
GUI_RESULTS_WIN,"Victory!"
GUI_RESULTS_WINRATE,"Scenario Winrate"
GUI_RESULTS_XP,"Ability XP Earned"
GUI_RESULT_LOSE_EXIT,"Return To Map"
GUI_RESULT_WIN_EXIT,"Return To Map"
GUI_RESUME,"Resume"
GUI_RESUME_CAMPAIGN,"Resume Campaign"
GUI_RESUME_LOCKED_TOOLTIP,"You must have save data to resume your game"
GUI_RETIRED_STATE,"Retired"
GUI_RETIREMENT,"Retirement"
GUI_RETIREMENT_CANCEL_SELECTED_QUEST_CONFIRMATION,"One of the Mercenaries in your party has completed his or her Personal Quest. The Mercenary must retire before you can continue."
GUI_RETIRE_CHARACTER_DESC,"All items the Mercenary owned will return to the Merchant's shop supply, and all the gold the character has will be gone"
GUI_RETRY,"Retry"
GUI_REWARD_TRAP,"Trap!"
GUI_REWARD_TREASURE,"Treasure Chest Found!"
GUI_ROUND_BONUSES,"Round Bonuses"
GUI_SANDBOX,"Sandbox"
GUI_SCENARIO_MOD_ADD_CONDITIONS_TO_ABILITIES,"All abilities will add {0}"
GUI_SCENARIO_MOD_ADD_CONDITIONS_TO_ABILITIES_FILTERED_ABILITY_TYPE,"All {0} abilities will add {1}"
GUI_SCENARIO_MOD_ADD_CONDITIONS_TO_ABILITIES_FILTERED_ABILITY_TYPE_ACTOR,"All {0} abilities will add {1}, for {2}"
GUI_SCENARIO_MOD_SET_ELEMENTS_ALL,"{0} will be set to Strong, {1} will be set to Waning, and {2} will be set to Inert at {3}
"
GUI_SCENARIO_MOD_SET_ELEMENTS_INERT,"{0} will be set to Inert at {1}
"
GUI_SCENARIO_MOD_SET_ELEMENTS_STRONG,"{0} will be set to Strong at {1}
"
GUI_SCENARIO_MOD_SET_ELEMENTS_STRONG_INERT,"{0} will be set to Strong, {1} will be set to Inert at {2}
"
GUI_SCENARIO_MOD_SET_ELEMENTS_STRONG_WANING,"{0} will be set to Strong, {1} will be set to Waning at {2}
"
GUI_SCENARIO_MOD_SET_ELEMENTS_WANING,"{0} will be set to Waning at {1}
"
GUI_SCENARIO_MOD_SET_ELEMENTS_WANING_INERT,"{0} will be set to Waning, {1} will be set to Inert at {2}
"
GUI_SCENARIO_MOD_TRIGGER_ABILITY,"{0} ability will be triggered at {1}
"
GUI_SCENARIO_MOD_TRIGGER_END_ROUND,"End of Round"
GUI_SCENARIO_MOD_TRIGGER_END_TURN,"End of Turn"
GUI_SCENARIO_MOD_TRIGGER_START_ROUND,"Start of Round"
GUI_SCENARIO_MOD_TRIGGER_START_TURN,"Start of Turn"
GUI_SCENARIO_UNKNOWN,"This area is yet to be explored.
Dare you blindly scout this territory?"
GUI_SCERNARIO_FAILED,"Scenario Failed"
GUI_SELECT,"Select"
GUI_SELECT_CHARACTER,"Select Character"
GUI_SELECT_CHARACTERS,"Select Characters"
GUI_SELECT_ITEM,"Select Item"
GUI_SELECT_QUEST,"Select Quest"
GUI_SELECT_QUEST_TIP,"As Host, select a Quest to suggest to the party"
GUI_SELL,"Sell"
GUI_SELL_CONFIRMATION_TITLE,"Sell Item"
GUI_SELL_ENHANCEMENT_CONFIRMATION_TITLE,"Sell Enhancement"
GUI_SENDING_ERROR_REPORT,"Sending Error Report... Please wait"
GUI_SEND_ERROR_REPORT,"Send Error Report"
GUI_SHORT_REST,"Short Rest"
GUI_SHORT_REST_CONFIRMATION,"Perform Short Rest"
GUI_SIDE_QUEST,"Side Quest"
GUI_SKIN_OFF_TOOLTIP,"Default skin"
GUI_SKIN_ON_TOOLTIP,"Alt skin active"
GUI_SKIP,"Skip"
GUI_SKIP_ABILITY,"Skip Ability"
GUI_SKIP_ACTION,"Skip Action"
GUI_SKIP_ATTACK,"Skip Attack"
GUI_SKIP_FTUE,"Skip Tutorial"
GUI_SKIP_MISSION,"Skip Mission"
GUI_SKIP_MOVEMENT,"Skip Movement"
GUI_SKIP_PULL,"Skip Pull"
GUI_SKIP_PUSH,"Skip Push"
GUI_SOLO_QUEST,"Solo Quest - {0}"
GUI_SOLO_QUEST_COMPLETED_UNAVAILABLE_REWARDS,"Item is only rewarded for a new mercenary that completes this scenario"
GUI_SPAWNER,"Spawner"
GUI_SPAWNER_INFORMATION,"Next Round"
GUI_SPEED_UP_TOOLTIP,"<size=+2><color=#EACF8C>Fast Forward</color></size>
Press to increase animation speed"
GUI_STADIA_FRIENDS,"Friends"
GUI_START,"Start"
GUI_STARTING_PERK_POINTS,"Starting Perks"
GUI_STARTING_PERK_POINTS_TOOLTIP,"<size=+2><color=#EACF8C>Starting Perks</color></size>
The number of starting perks any future generated mercenary will receive is equal to one plus the highest number of starting perks a retired mercenary had."
GUI_START_CAMPAIGN,"Start Campaign"
GUI_START_MULTIPLAYER_WRONG_PHASE_TOOLTIP,"Start Multiplayer is only available during the Card Selection Phase or on the World Map"
GUI_START_ROUND_BANNER,"Round {0}"
GUI_STATS,"Base Stats"
GUI_STEAM_FRIENDS,"Friends"
GUI_SUBMIT,"Submit"
GUI_SUMMONED_ALLIES,"Summoned Allies"
GUI_SUMMON_CARD,"Hero Summon"
GUI_SWAP_CHARACTERS_POSITIONS_TIP,"Select {0}/2 characters to swap positions"
GUI_SWAP_ENEMY_POSITIONS_TIP,"Select {0}/2 enemies to swap positions"
GUI_SWAP_POSITION_TIP,"Swap the {0}'s position with the {1}"
GUI_ScenarioGoldCollected,"The amount of gold collected from this scenario."
GUI_StonePummel_Bottom_HelpBoxTooltip,"<color=#899538FF>Stone Pummel:</color> Destroy an adjacent Obstacle to add +3 Attack"
GUI_TAKE_DAMAGE,"Receive Damage"
GUI_TAKE_DAMAGE_BURN,"Burn 1 Available Card"
GUI_TAKE_DAMAGE_DISCARD,"Burn 2 Discarded Cards"
GUI_TAKE_DAMAGE_TOOLTIP,"Choose to lose Health over Burning Cards"
GUI_TEMPLE_BLESS_UNAVAILABLE,"Mercenary Blessed"
GUI_TEMPLE_CONFIRM,"Donate"
GUI_TEMPLE_CONFIRMATION,"<color=#{1}>{0} <sprite name=""{2}"" color=#{1}></color> gains x2 <sprite name=""Bless""><color=#A78634>Bless</color> Modifiers for the next Quest"
GUI_TEMPLE_CONFIRMATION_TITLE,"Give Donation"
GUI_TEMPLE_DESCRIPTION,"Donate to the Temple of the Great Oak and receive x2 <font=""MarcellusAlt SDF""><color=#A78634>Bless</color></font> <sprite name=""Bless""> Modifiers for the next Quest."
GUI_TEMPLE_DEVOTION_LEVEL,"Your continued donations have been a true boon to the Sanctuary and to the city as a whole. This will surely have a noticeable impact on the city, but, rest-assured, we could always use additional aid."
GUI_TOOLTIP_ABILITY_CHOOSING_1,"Activate one half of either card"
GUI_TOOLTIP_ABILITY_CHOOSING_2,"Activate alternate half of remaining card"
GUI_TOOLTIP_ACTIVEBONUS_TARGET_SELECTION_137,"Choose target to add +3 Attack <sprite name=Attack>"
GUI_TOOLTIP_ADDITIONAL_TARGET_EFFECT,"<color=#A050E0>{0}:</color> Select additional targets"
GUI_TOOLTIP_ADD_DOOM,"Playing a Doom will remove any other active Dooms and discard them."
GUI_TOOLTIP_ADD_TARGET_MODIFIER,"Add Target Modifier"
GUI_TOOLTIP_ADD_TARGET_MODIFIER_TIP,"As part of the attack you have drawn an ""Add Target"" modifier. Choose an additional target in a valid hex to attack"
GUI_TOOLTIP_ATTACK_MODIFIERS,"Attack Modifier Deck: Whenever the character attacks, one of the remaining modifiers is drawn and the attack result is modified accordingly. Pips indicate the number of cards in the deck and currently available"
GUI_TOOLTIP_CHOOSE_DOOM_DISCARD,"Choose two Dooms to inflict on the target. The other will be discarded."
GUI_TOOLTIP_CHOOSE_DOOM_TRANSFER,"Choose one Doom to transfer to another enemy. The other will be discarded."
GUI_TOOLTIP_CONSUMING_AVAILABLE,"Click here to augment this action, consuming the element in the process."
GUI_TOOLTIP_CONSUMING_CLICKED,"This action will be augmented. Click the Augment toggle to cancel and free up the element"
GUI_TOOLTIP_CONSUMING_DISABLED,"This action can be augmented by consuming element(s). You can only do this during the character's turn, and only if the required element has already been infused."
GUI_TOOLTIP_CONSUMING_UNAVAILABLE,"This action can be augmented by consuming element(s). First, infuse the required element(s) by using certain other actions."
GUI_TOOLTIP_DEAL_DAMAGE,"Choose to Take Damage, Burn 1 Available card or Burn 2 Discarded Cards"
GUI_TOOLTIP_DEAL_DAMAGE_COMPANION,"Choose to Deal Damage to the {0}, Burn 1 of the {1}'s Available Cards or Burn 2 of his Discarded Cards"
GUI_TOOLTIP_DEAL_DAMAGE_MANDATORY_USE,"must be used if damage is remaining"
GUI_TOOLTIP_DEAL_DAMAGE_MP,"{0} has to choose how to take damage"
GUI_TOOLTIP_DEAL_DAMAGE_SUMMON,"Choose for your summon to take damage or prevent it"
GUI_TOOLTIP_DEAL_DAMAGE_SUMMON_TITLE,"Summon Deal Damage Phase"
GUI_TOOLTIP_DISTRIBUTE_HEALTH,"Reassign damage from yourself and summoned allies"
GUI_TOOLTIP_ELEMENT_INERT,"There are currently no elements available for use. Elements can be infused using certain actions."
GUI_TOOLTIP_ELEMENT_INFUSING,"Element Infusing. This element is available for use after the current character's turn ends."
GUI_TOOLTIP_ELEMENT_STRONG,"Element Strong. This element is available to be used for the rest of this round and the whole of the next round. Once used, it is unavailable for other characters."
GUI_TOOLTIP_ELEMENT_WANING,"Element Waning. This element can be used for the rest of this round. Once used, it is unavailable for other characters."
GUI_TOOLTIP_EXTRA_TURN,"Choose two cards to play immediatly"
GUI_TOOLTIP_EXTRA_TURN_BOTH_ACTIONS_LATER,"Select an Ability with a higher initiative than {0}"
GUI_TOOLTIP_EXTRA_TURN_BOTH_ACTIONS_LATER_SECOND_CARD,"Select a second Ability (you cannot alter the initiatve order)"
GUI_TOOLTIP_EXTRA_TURN_BOTTOM_ACTION,"Choose one card and immediatly play its bottom half"
GUI_TOOLTIP_EXTRA_TURN_TOP_ACTION,"Choose one card and immediatly play its top half"
GUI_TOOLTIP_FORGO_ACTIONS_FOR_COMPANION,"Forgo the top and/or bottom actions of your turn to increase the Bear's attack and/or movement"
GUI_TOOLTIP_GAMEPAD_BURN_1_ABILITY_CARD,"Use {0} to select 1 of the remaining Ability Cards"
GUI_TOOLTIP_GAMEPAD_BURN_2_DISCARDED_ABILITY_CARDS,"Use {0} to select 2 of the Discarded Ability Cards"
GUI_TOOLTIP_GAMEPAD_DISTRIBUTE_HEALTH,"Use {0} to Reassign Damage from yourself and summoned allies"
GUI_TOOLTIP_GAMEPAD_FOCUS_ABILITY_CARDS,"Tap {0} to inspect the Mercenary's Ability Cards"
GUI_TOOLTIP_GAMEPAD_INITIATIVE_TRACK,"Use {0} to inspect Ability Cards and Active Abilities"
GUI_TOOLTIP_GAMEPAD_INITIATIVE_TRACK_TITLE,"Initiative Track"
GUI_TOOLTIP_GAMEPAD_MERCENARY_DECK,"Use {0} to skip from one Ability Deck to the next"
GUI_TOOLTIP_GAMEPAD_MERCENARY_DECK_TITLE,"Mercenary Decks"
GUI_TOOLTIP_GAMEPAD_SELECT_FIRST_ACTION,"Use {0} to select one half of either Ability Card"
GUI_TOOLTIP_GAMEPAD_SELECT_ITEMS,"Use {0} to select items"
GUI_TOOLTIP_GAMEPAD_SELECT_MOVE_TILE,"Use {0} to select Waypoints to move"
GUI_TOOLTIP_GAMEPAD_SELECT_SECOND_ACTION,"Use {0} to select the alternate half of the remaining Ability Card"
GUI_TOOLTIP_GAMEPAD_SELECT_TARGET,"Use {0} to select targets"
GUI_TOOLTIP_GAMEPAD_START_TURN_SELECT_CARDS,"Use {0} to select two Ability Cards for each Mercenary or choose to Rest"
GUI_TOOLTIP_HELPBOX IMPROVED_SHORT_REST_TITLE,"<color=#B52828>Unstoppable Destruction</color>"
GUI_TOOLTIP_ITEM_SINGLE_TARGET_TIP,"Select a Single Target to use the item on"
GUI_TOOLTIP_ITEM_SINGLE_TARGET_TITLE,"Single Target Item"
GUI_TOOLTIP_LONG_REST,"Select an ability card to burn, then gain 2 health"
GUI_TOOLTIP_NOT_ENOUGH_TARGETS_SELECTED,"Not enough targets selected"
GUI_TOOLTIP_PLAYER_DISARMED,"The {0} is <color=#A050E0>DISARMED</color> <size=180%><sprite name=""HoverDisarmed""></size>"
GUI_TOOLTIP_PLAYER_IMMOBILIZED,"The {0} is <color=#A050E0>IMMOBILIZED</color> <size=180%><sprite name=""HoverImmobilized""></size>"
GUI_TOOLTIP_PLAYER_SLEEPING,"The {0} is <color=#A050E0>SLEEPING</color> <size=180%><sprite name=""HoverSleeping""></size>"
GUI_TOOLTIP_PLAYER_STARTING_PLACEMENT,"Mercenaries must be split evenly between entrance rooms to continue"
GUI_TOOLTIP_PLAYER_STARTING_PLACEMENT_COMPANION_SUMMONS,"{0} must be placed so there is an adjacent empty hex to summon their companion"
GUI_TOOLTIP_PLAYER_STUNNED,"The {0} is <color=#A050E0>STUNNED</color> <size=180%><sprite name=""HoverStunned""></size>"
GUI_TOOLTIP_PLAYER_WOUNDED,"The {0} is <color=#A050E0>WOUNDED</color> <size=180%><sprite name=""HoverWounded""></size>"
GUI_TOOLTIP_REMOVE_CONDITIONS,"Remove all negative conditions on yourself"
GUI_TOOLTIP_SELECT_DESTROY_OBSTACLE,"Choose an obstacle to destroy"
GUI_TOOLTIP_SELECT_DESTROY_OBSTACLES,"Choose obstacles to destroy"
GUI_TOOLTIP_SELECT_DISCARD_CARD,"Choose  an Ability Card to Discard"
GUI_TOOLTIP_SELECT_DISCARD_CARDS,"Choose {0} Ability Cards to Discard"
GUI_TOOLTIP_SELECT_DISCARD_CARDS_TITLE,"Discard {0} cards"
GUI_TOOLTIP_SELECT_DISCARD_CARD_TITLE,"Discard a card"
GUI_TOOLTIP_SELECT_LOSE_CARD,"Choose 1 card to burn"
GUI_TOOLTIP_SELECT_LOSE_CARDS,"Choose {0} cards to burn"
GUI_TOOLTIP_SELECT_RECOVER_CARD,"Choose 1 discarded card to recover"
GUI_TOOLTIP_SELECT_RECOVER_CARDS,"Choose {0} discarded cards to recover"
GUI_TOOLTIP_SELECT_RECOVER_DISCARDED_CARD,"Choose 1 discarded card to recover"
GUI_TOOLTIP_SELECT_RECOVER_DISCARDED_CARDS,"Choose {0} discarded cards to recover"
GUI_TOOLTIP_SELECT_RECOVER_INCREASE_CARD,"Choose 1 card to add to your available cards"
GUI_TOOLTIP_SELECT_RECOVER_LOST_CARD,"Choose 1 Burned card to recover"
GUI_TOOLTIP_SELECT_RECOVER_LOST_CARDS,"Choose {0} Burned cards to recover"
GUI_TOOLTIP_SELECT_SUMMON_MOVEMENT,"Choose to move the Summoned Ally towards its Summoner"
GUI_TOOLTIP_SELECT_SUMMON_MOVEMENT_TITLE,"Summon Movement"
GUI_TOOLTIP_SHIELDS,"Shield: A Shielded character reduces all incoming attacks by X points of attack. Multiple shield bonuses stack. Shield bonuses only apply to Attack abilities and do not stop other forms of damage."
GUI_TOOLTIP_SHORT_REST,"Burn one discarded card at random to recover all other discarded cards. You may reroll the random card to burn once at the cost of one health."
GUI_TOOLTIP_SHORT_REST_WARNING,"Requires 2 or more discarded cards"
GUI_TOOLTIP_SINGLE_TARGET,"Select a single target"
GUI_TOOLTIP_START_TURN,"For each hero, select two ability cards or choose to rest"
GUI_TOOLTIP_SUMMON,"Summon {0}"
GUI_TOOLTIP_SUMMON_SELECT_HEX,"Select a hex to summon the {0}"
GUI_TOOLTIP_TAKE_QUEST_ITEM,"Confirm to take carriable Quest items from adjacent Mercenaries"
GUI_TOOLTIP_TITLE_ABILITY_CHOOSING,"Ability Selection"
GUI_TOOLTIP_TITLE_DEAL_DAMAGE,"Deal Damage Phase"
GUI_TOOLTIP_TITLE_START_TURN,"Start Turn"
GUI_TOOLTIP_TRANSFER_DOOM,"Transfer one Doom from a deceased enemy to another target."
GUI_TOTAL_GOLD,"Total Party Gold"
GUI_TOWN_RECORDS_BLOCKED,"<size=+2><color=#EACF8C>Town Records</color></size>
You cannot continue the Town Records story while a Mercenary with a completed Personal Quest is in the Party."
GUI_TOWN_RECORDS_INTRO_STORY_1,"Stepping through the arched doorway of the Town Records building, you see it houses a massive yet woefully understocked library. A sinking feeling takes hold of your gut as you take in the barren shelves—you don’t want the memory of your departed colleague to die with you inside one of Gloomhaven’s dungeons."
GUI_TOWN_RECORDS_INTRO_STORY_2,"With an idea brewing in your mind, you search for one of the record keepers in the library. It takes a considerable while, but eventually you happen upon a small man meticulously rearranging what few books are on the shelves. You waste no time relaying your great idea to him."
GUI_TOWN_UNLOCKED_NOTIFICATION,"You've unlocked the Town Records in Gloomhaven!"
GUI_TRAINER_INTRODUCTION,"Welcome to the Trainer. On this screen you will see all the in-game achievements that you can attempt and the rewards you get for completing them. The most important ones will initially be the Exploration missions that gradually unlock parts of the map, but be sure to return here to cash in any achievements you complete!"
GUI_TRAINER_TITLE,"Inox Trainer"
GUI_TRAVEL,"Travel"
GUI_TURN_OFF_TUTORIAL,"Turn Off Tutorial"
GUI_TUTORIAL,"Tutorial"
GUI_TUTORIAL_01_DESCRIPTION,"Melee Attacking & Moving"
GUI_TUTORIAL_01_INSTRUCTIONS,"The Cragheart only has two ability cards for this round. You must now activate the top of one card and the bottom of the other card (In either order) to Kill the Bandit Guard."
GUI_TUTORIAL_01_TITLE,"Melee Attacking & Moving"
GUI_TUTORIAL_EXIT,"Exit Tutorial"
GUI_TUTORIAL_VICTORY,"Victory!"
GUI_TUTORIAL_VICTORY_INFO,"Congratulations, you have survived the Tutorial, but now it is time to take what you have learned into battle! Head towards 'New Adventure' to pick a party and get started.

For more information about the rules of Gloomhaven, check out the 'How to Play' section in the Main Menu or even in-game via the Pause Menu.

Good Luck!"
GUI_UNDO,"Undo"
GUI_UNDO_WAYPOINT,"Undo Waypoint"
GUI_UNEQUIPPED,"Unequipped"
GUI_UNKNOWN,"Unknown"
GUI_UNREADY,"Unready"
GUI_UPDATE_PARTY_DISABLED_TOOLTIP,"Character switching/removal is currently disabled as another player is joining the game."
GUI_UPLOAD,"Upload"
GUI_USE_ITEM_ATTACK_TIP,"Toggle the displayed items to add their effects to the attack"
GUI_USE_ITEM_MOVEMENT_TIP,"Toggle the displayed items to add their effects to the movement"
GUI_USE_ITEM_TITLE,"Use Item"
GUI_VALIDATE,"Validate"
GUI_VIEW_ALT_CARDS_TIP,"Hold Alt to view all cards"
GUI_VISIT_WORKSHOP,"Visit Workshop"
GUI_WAIT_PLAYERS_CONFIRM_CITY_EVENT,"City Event Selected"
GUI_WAIT_PLAYERS_CONFIRM_ENTER_SCENARIO,"Call to Arms"
GUI_WAIT_PLAYERS_CONFIRM_QUEST,"Quest Selected"
GUI_WAIT_PLAYERS_CONFIRM_TIP,"Waiting for players to confirm..."
GUI_WAIT_PLAYERS_CONFIRM_TOWN_RECORDS,"Town Records Selected"
GUI_WARNING_CANCEL_SELECTED_CARDS,"Press Cancel before reselecting your Ability Cards"
GUI_WARNING_EQUIP_MAX_CARDS,"You cannot equip more cards!"
GUI_WARNING_SELECT_CARDS_OTHER_PLAYER,"You can only select cards for Mercenaries you control"
GUI_WATCH_PERSONAL_QUEST_PROGRESS,"Watch Result"
GUI_WATCH_RETIREMENT,"Watch Retirement"
GUI_WEALTH_LEVEL_UNLOCKES_ITEMS,"New items are now in stock! Swing by my stand next time you're near the New Market!"
GUI_WRONG_ABILITY_DECK,"Invalid <color=#C53F3FFF>Ability Deck</color>"
GUI_WRONG_ABILITY_DECK_CHARACTER,"{0} has incomplete ability deck"
GUI_WRONG_ABILITY_DECK_CHARACTERS,"{0} have incomplete ability decks"
GUI_WRONG_INVENTORY,"Incorrect Ability Cards"
GUI_XPBar,"The Experience Bar shows your progress to the next level. You may level up on the Map or the Party Selection Screen."
GUI_XP_PROGRESS,"XP {0}"
GUI_guildmaster_INVALID_NAME,"Enter a valid Guild Name"
Gain,"Gain"
Gain_Flying,"Gain <nobr>Flying <sprite name=Flying></nobr>"
German,"German"
GiantBat,"Giant Bat"
GiantOoze,"Giant Ooze"
GiantRat,"Giant Rat"
GiantToad,"Giant Toad"
GiantViper,"Giant Viper"
GiantViperElite,"Giant Viper Elite"
GiantViperID684,"Giant Viper Adjacency Bonus"
GiantViperID685,"Giant Viper Adjacency Bonus"
GibbetHill,"Gibbet Hill"
GibbetHill_DESCR,"To the east of Demonsgate sits Gibbet Hill, sitting as a stark warning to the bandits who plague the area."
GiveSupplyCard,"Give Card"
Gloomhaven_Street_Boilers_District,"Boilers District"
Gloomhaven_Street_Coin_District,"Coin District"
Gloomhaven_Street_East_Barracks,"East Barracks"
Gloomhaven_Street_Gloomhaven_Square,"Gloomhaven Square"
Gloomhaven_Street_Hook_Coast,"Hook Coast"
Gloomhaven_Street_Horn_District,"Horn District"
Gloomhaven_Street_Merchants_Bay,"Merchant's Bay"
Gloomhaven_Street_Mixed_District,"Mixed District"
Gloomhaven_Street_New_Docks,"New Docks"
Gloomhaven_Street_New_Market,"New Market"
Gloomhaven_Street_Northern_Barracks,"Northern Barracks"
Gloomhaven_Street_Old_Docks,"Old Docks"
Gloomhaven_Street_The_Sinking_Market,"The Sinking Market"
Gloomhaven_Street_The_Void,"The Void"
Gloomhaven_Street_Travellers_District,"Travellers District"
Gloomhaven_Street_University,"The University"
Gloomhaven_Street_Ward_of_Scales,"Ward of Scales"
Gloomhaven_Street_West_Barracks,"West Barracks"
Glossary_Action,"Actions are how player characters and monsters take their turns in Gloomhaven and are comprised of one or more abilities."
Glossary_AddTarget,"Adds additional Attack targets"
Glossary_Advantage,"Advantage: An attacker with Advantage will draw two modifiers and use whichever one is better."
Glossary_Air,"Infuse Element - Air: Infuses the battlefield with the Air element, available to be used after the current character's turn and is available for a single character to use for the rest of the current round and the whole of the next round."
Glossary_Any,"Infuse Element - Any: Infuses the battlefield with the element of your choice, available to be used after the current character's turn and is available for a single character to use for the rest of the current round and the whole of the next round. A Monster with an Any Element infusion on their card chooses a random element to infuse."
Glossary_Attack,"Attack: An ""Attack X"" ability allows a character to Attack an enemy within Range with a base value of X."
Glossary_AttackDefault,"Default Attack: Perform an ""Attack 2"" action instead of using the top action. This action will Discard the card."
Glossary_AttackersGainDisadvantage,"Attackers Gain Disadvantage: Any characters that attack this character gain Disadvantage on their attacks."
Glossary_Augment,"Augment: An active Augment's effects will be applied whenever the Mindthief uses a melee attacks."
Glossary_Aura,"Aura: An active bonus with the Aura keyword affects its targets only while they are within range. If an affected target moves out of range of the active's aura, they will lose whatever bonus it was granting."
Glossary_Bless,"Bless: A Blessed character adds a BLESS (x2) card into their attack modifier deck. When drawn, the attack deals double damage, and the BLESS card is removed from the deck."
Glossary_Command,"Command: An action with the Command keyword has the Beast Tyrant's Bear perform the abilities instead of the Beast Tyrant."
Glossary_Condition,""
Glossary_ConsumeAir,"Consume Element - Air"
Glossary_ConsumeAny,"Consume Element - Any Element"
Glossary_ConsumeDark,"Consume Element - Dark"
Glossary_ConsumeEarth,"Consume Element - Earth"
Glossary_ConsumeFire,"Consume Element - Fire"
Glossary_ConsumeIce,"Consume Element - Ice"
Glossary_ConsumeLight,"Consume Element - Light"
Glossary_Controlled,"Mind Controlled: This Enemy will treat its Allies as Enemies and Enemies as Allies for this round."
Glossary_Curse,"Curse: A Cursed character adds a CURSE (x0) card into their attack modifier deck. When drawn, the attack deals no damage, and the CURSE card is removed from the deck."
Glossary_Dark,"Infuse Element - Dark: Infuses the battlefield with the Dark element, available to be used after the current character's turn and is available for a single character to use for the rest of the current round and the whole of the next round."
Glossary_Disadvantage,"Disadvantage: An attacker with Disadvantage will draw two modifiers and use whichever one is worse."
Glossary_Disarm,"Disarm: A Disarmed character cannot perform any attack abilities. The Disarm condition is removed at the end of the affected character's next turn."
Glossary_DotHex,"The dot indicates that this area effect can be enhanced later on to add another hex to the affected area in this slot."
Glossary_Earth,"Infuse Element - Earth: Infuses the battlefield with the Earth element, available to be used after the current character's turn and is available for a single character to use for the rest of the current round and the whole of the next round."
Glossary_Elite,"An elite monster has greater stats than their normal counterpart, and all elites of a monster type act before any normals."
Glossary_EnhancementDot,"Enhancement Dot: Denotes that this ability or area effect can be augmented by an enhancement."
Glossary_Enhancement_Air,"Air element enhancement"
Glossary_Enhancement_AnyElement,"Any element enhancement"
Glossary_Enhancement_Area,"Area Hex Enhancement"
Glossary_Enhancement_Bless,"Bless enhancement"
Glossary_Enhancement_Curse,"Curse enhancement"
Glossary_Enhancement_Dark,"Dark element enhancement"
Glossary_Enhancement_Disarm,"Disarm enhancement"
Glossary_Enhancement_Earth,"Earth element enhancement"
Glossary_Enhancement_Fire,"Fire element enhancement"
Glossary_Enhancement_Ice,"Ice element enhancement"
Glossary_Enhancement_Immobilize,"Immobilize enhancement"
Glossary_Enhancement_Jump,"Jump enhancement"
Glossary_Enhancement_Light,"Light element enhancement"
Glossary_Enhancement_Muddle,"Muddle enhancement"
Glossary_Enhancement_NoEnhancement,"No enhancement"
Glossary_Enhancement_PlusAttack,"Attack +1 Enhancement"
Glossary_Enhancement_PlusHeal,"Heal +1 Enhancement"
Glossary_Enhancement_PlusMove,"Move +1 Enhancement"
Glossary_Enhancement_PlusPierce,"Pierce +1 Enhancement"
Glossary_Enhancement_PlusPull,"Pull +1 Enhancement"
Glossary_Enhancement_PlusPush,"Push +1 Enhancement"
Glossary_Enhancement_PlusRange,"Range +1 Enhancement"
Glossary_Enhancement_PlusRetaliate,"Retaliate +1 Enhancement"
Glossary_Enhancement_PlusRetaliateRange,"Retaliate Range +1 Enhancement"
Glossary_Enhancement_PlusShield,"Shield +1 Enhancement"
Glossary_Enhancement_PlusTarget,"Target +1 Enhancement"
Glossary_Enhancement_Poison,"Poison enhancement"
Glossary_Enhancement_Strengthen,"Strengthen enhancement"
Glossary_Enhancement_SummonAttack,"Summon Attack Enhancement"
Glossary_Enhancement_SummonHP,"Summon Health Enhancement"
Glossary_Enhancement_SummonMove,"Summon Move Enhancement"
Glossary_Enhancement_SummonRange,"Summon Range Enhancement"
Glossary_Enhancement_Wound,"Wound enhancement"
Glossary_Exhausted,"A mercenary is exhausted when they either drop below one hit point, or if at the beginning of a round, they have fewer than two available cards and have burned enough cards that they cannot rest to recover any from discard. If all mercenaries are exhausted, the scenario is lost!"
Glossary_Fear,"Force all mercenaries and their summons to perform <nobr>""Move <sprite name=Move> 4""</nobr> in initiative order, ending as far away from the Betrayer as possible."
Glossary_Fire,"Infuse Element - Fire: Infuses the battlefield with the Fire element, available to be used after the current character's turn and is available for a single character to use for the rest of the current round and the whole of the next round."
Glossary_Flying,"Flying: Characters with the Flying trait can completely ignore all characters, obstacles, terrain effects and traps on hexes during their movement, including the last hex moved onto. However, the last hex cannot be occupied by a character. Characters that lose flying while occupying an obstacle take damage as if they had sprung a trap and move to the nearest empty hex."
Glossary_GreyHex,"Grey hex indicates the users location, meaning that the pattern is a melee attack area effect and thus can only be rotated about this hex."
Glossary_Heal,"Heal: A ""Heal X"" ability allows a character to restore X hit points to a target within the ability's range."
Glossary_HitArea,"Indicates the attack's area of effect. Red hexes denote the tiles to be targeted, and a grey hex denotes the location of the attacker in the case of melee attack area effects."
Glossary_Ice,"Infuse Element - Ice: Infuses the battlefield with the Ice element, available to be used after the current character's turn and is available for a single character to use for the rest of the current round and the whole of the next round."
Glossary_Immobilize,"Immobilize: An Immobilized character cannot perform any move abilities. The Immobilize condition is removed at the end of the affected character's next turn."
Glossary_Initiative,"Initiative: Determines when this character will act in the round, using the value from the first card of the pair selected in the case of player characters."
Glossary_InvSmallItem,"Small Inventory Item"
Glossary_Invisible,"Invisible: An Invisible character cannot be focused on nor targeted by the enemy, but can be damaged by non-targeted damage. Invisibility does not affect interactions with allies. The Invisible condition is removed at the end of the affected character's next turn. Monsters treat invisible characters as if they were obstacles."
Glossary_Jump,"Jump: A Move specified as being a Jump allows a character to ignore all characters, obstacles, terrain effects and traps on hexes during their movement. The last hex entered will be treated as if a normal Move."
Glossary_Kill,"Kill: A Kill ability kills valid targets that satisfy the accompanying requirements, if any, without needing to reduce their Health to 0."
Glossary_Light,"Infuse Element - Light: Infuses the battlefield with the Light element, available to be used after the current character's turn and is available for a single character to use for the rest of the current round and the whole of the next round."
Glossary_Loot,"Loot: A ""Loot X"" ability allows a character to pick up every gold token and treasure tile within range X and line-of-sight, unaffected by monsters or obstacles."
Glossary_Lost,"Burned: Denotes that this card will not go to the discarded pile after usage but rather the burned pile, from which cards cannot be recovered by resting (but can be by certain Recover abilities)."
Glossary_Move,"Move: A ""Move X"" ability allows a character to move up to X hexes on the map."
Glossary_MoveDefault,"Default Movement: Perform a ""Move 2"" action instead of using the bottom action. This action will Discard the card."
Glossary_Muddle,"Muddle: A Muddled character gains Disadvantage on all of its attacks. The Muddle condition is removed at the end of the affected character's next turn."
Glossary_NoEnhancement,"This ability can be enhanced later on to become more powerful."
Glossary_PermanentlyLost,"Permanently Burned: Denotes that this card cannot be recovered from the burned pile by any means."
Glossary_Persistent,"Persistent: Denotes that this effect lasts indefinitely or until conditions specified on the card are met."
Glossary_Pierce,"Pierce: A ""Pierce X"" attack effect allows up to X points of a target's Shield bonus to be ignored for the attack."
Glossary_Poison,"Poison: Enemies add +1 Attack to all of their attacks against a Poisoned character. A Heal ability will cure Poison but have no other effect."
Glossary_Pull,"Pull: A ""Pull X"" attack effect or ability causes the target to be forced to move closer by X hexes. The direction is specified by the controller of the ability/effect, and each hex moved must put the target one hex closer. Targets can be pulled through their allies, but not enemies or obstacles."
Glossary_Push,"Push: A ""Push X"" attack effect or ability causes the target to be forced away X hexes. The direction is specified by the controller of the ability/effect, and each hex moved must put the target one hex further away. Targets can be pushed through their allies, but not enemies or obstacles."
Glossary_Range,"Range: An ability accompanied by ""Range X"" means that the target must be within X hexes. Any ability with a specified range can only be performed on a character within line-of-sight."
Glossary_Recover,"Recover: Allows a player character to return a specified number of cards from their specified discard or burned pile to their hand."
Glossary_RedHex,"Red hexes indicate the attack's area of effect – targets on a red hex in the pattern will be hit."
Glossary_Refresh,"Refresh: Allows a player character to regain an amount or even all of their spent and/or consumed Item cards."
Glossary_Rest,""
Glossary_Retaliate,"Retaliate: A Retaliating character inflicts X direct damage to any attackers within Range. If a range is not specified, then it only applies to adjacent attackers. Multiple retaliate bonuses stack."
Glossary_Round,"Round: Denotes that this effect lasts until the end of the round."
Glossary_Self,"This ability targets the character themselves"
Glossary_Shield,"Shield: A Shielded character reduces all incoming attacks by X points of attack. Multiple shield bonuses stack. Shield bonuses only apply to Attack abilities and do not stop other forms of damage."
Glossary_Sleep,"Sleep: A Sleeping character cannot perform any abilities nor use items on its turn. The Sleep condition is removed when any non-allied character damages, places a negative condition on, or ends any movement adjacent to the sleeping character. Characters must still select two cards or rest for the turn, however the actions are not played and the cards are simply discarded. A Long Rest is performed as normal. Character summons and allies will not attack sleeping targets unless directly controlled by a character. When awakened, the character follows rules as if it had just been spawned."
Glossary_Song,"Song: An active Song's effects will be persistently applied until another Song is played."
Glossary_StopFlying,"Cannot Fly: This character can no longer have Flying."
Glossary_Strengthen,"Strengthen: The Strengthened character gains Advantage on all of their attacks. The Strengthen condition is removed at the end of the affected character's next turn."
Glossary_Stun,"Stun: A Stunned character cannot perform any abilities nor use items on its turn. The Stun condition is removed at the end of the affected character's next turn. Characters must still select two cards or rest for the turn, however the actions are not played and the cards are simply discarded. A Long Rest is performed as normal."
Glossary_Summon,"Summon: Summons a specified allied character to the board, in an empty hex adjacent to the caster. If there are no available adjacent hexes, the summon ability cannot be used. Summons act just before the caster's turn each round, always autonomously performing a ""Move X, Attack Y"" action where X and Y are their base move and attack values respectively. It is possible to have multiple summons active at the same time."
Glossary_Summon_Health,"Health: The number of hit points the Summon will start with."
Glossary_Target,"Target: An ability accompanied by ""Target X"" means that the character can choose up to X different targets within range for the ability."
Glossary_Trap,"Trap: A trap occupies a tile and is sprung when a character enters the hex with normal movement or forced movement (such as Push/Pull)."
Glossary_Wound,"Wound: A Wounded character suffers one damage at the start of each of its turns. A Heal ability will cure the Wound."
Glossary_XP,"XP: This is the symbol that represents experience points."
Glossary_XP1,"1XP: Grants one experience point to the player character."
Glossary_XP2,"2XP: Grants two experience points to the player character."
Glossary_XP3,"3XP: Grants three experience points to the player character."
Glossary_XP6,"6XP: Grants six experience points to the player character."
Glossary_XPArrow,"XP Tracker: This tracker shows how the XP will be granted over the course of the active ability's duration. Each instance of the ability activating will move along to the next XP slot on the tracker, granting the XP bonus of the slot most recently occupied. You can check the XP tracker for any active abilities by hovering over them next to the character's avatar in the initiative track at the top of the screen."
GoalChest,"Ornate Chest"
Gold,"Gold"
GoldPile,"Gold Pile"
Gold_Combined,"Collective Gold"
Gold_PerMercenaryInParty,"Gold Each"
GreatOak,"Great Oak"
GreenAdder,"Green Adder"
HAZARDOUS_TERRAIN_TOOLTIP,"Hazardous Terrain"
Hail,"Hail"
Hammerholm,"Hammerholm"
Hard,"Hard"
HarrowerInfester,"Harrower Infester"
HarrowerInfesterElite,"Harrower Infester Elite"
Harvester,"Harvester"
Heal,"Heal"
HealingSprite,"Healing Sprite"
Health,"Health"
HighCultist,"High Cultist"
Hound,"Hound"
HoundElite,"Hound Elite"
HoundHill,"Hound Hill"
HoundHill_DESCR,"Packs of wild dogs in this area have given this hill its moniker, Keep a fire lit at night, and you may pass the night unmolested."
HoundID542,"Hound Adjacency Bonus"
HoundID543,"Hound Adjacency Bonus"
HungrySoul,"Hungry Soul"
HuntersCabin,"Hunter's Cabin"
HuntersCabin_DESCR,"This cabin sits on the edge of a nearby swamp, and is often frequented by those who use the surrounding landscape to eke out a living. They won't mind you staying here for the night."
IMMOVABLE_OBSTACLE_DESCR_TOOLTIP,"This Obstacle cannot be destroyed or moved by abilities."
IMMUNITYSM1,"Scenario Immunity"
INNATE_ShieldBasedOnNumberOfDeadXsPresent,"Shield strength is equal to {0}{1}the number of dead {2}"
INNATE_ShieldBasedOnNumberOfXsPresent,"Shield strength is equal to {0}{1}the number of {2} present"
INNATE_StrengthIsPercentageOfCurrentHP,"Attack strength is equal to {0}% of current hit points, rounded up"
ITEM_NAME_AmuletofLife,"Amulet of Life"
ITEM_NAME_AncientDrill,"Ancient Drill"
ITEM_NAME_BalancedBlade,"Balanced Blade"
ITEM_NAME_BattleAxe,"Battle Axe"
ITEM_NAME_BlackCard,"Black Card"
ITEM_NAME_BlackCenser,"Black Censer"
ITEM_NAME_BlackKnife,"Black Knife"
ITEM_NAME_BlinkingCape,"Blinking Cape"
ITEM_NAME_BloodyAxe,"Bloody Axe"
ITEM_NAME_BootsofDashing,"Boots of Dashing"
ITEM_NAME_BootsofLevitation,"Boots of Levitation"
ITEM_NAME_BootsofQuickness,"Boots of Quickness"
ITEM_NAME_BootsofSpeed,"Boots of Speed"
ITEM_NAME_BootsofSprinting,"Boots of Sprinting"
ITEM_NAME_BootsofStriding,"Boots of Striding"
ITEM_NAME_BrilliantBlade,"Brilliant Blade"
ITEM_NAME_ChainHood,"Chain Hood"
ITEM_NAME_Chainmail,"Chainmail"
ITEM_NAME_CircletofElements,"Circlet of Elements"
ITEM_NAME_CloakofInvisibility,"Cloak of Invisibility"
ITEM_NAME_CloakofPhasing,"Cloak of Phasing"
ITEM_NAME_CloakofPockets,"Cloak of Pockets"
ITEM_NAME_ComfortableShoes,"Comfortable Shoes"
ITEM_NAME_CrystalofZenith,"Crystal of Zenith"
ITEM_NAME_CuriousGear,"Curious Gear"
ITEM_NAME_DampeningRing,"Dampening Ring"
ITEM_NAME_DoomPowder,"Doom Powder"
ITEM_NAME_DoomedCompass,"Doomed Compass"
ITEM_NAME_DrakescaleArmor,"Drakescale Armor"
ITEM_NAME_DrakescaleBoots,"Drakescale Boots"
ITEM_NAME_DrakescaleHelm,"Drakescale Helm"
ITEM_NAME_Eagle-EyeGoggles,"Eagle-Eye Goggles"
ITEM_NAME_EmpoweringTalisman,"Empowering Talisman"
ITEM_NAME_EnduranceFootwraps,"Endurance Footwraps"
ITEM_NAME_FalconFigurine,"Falcon Figurine"
ITEM_NAME_FleaBittenShawl,"Flea-Bitten Shawl"
ITEM_NAME_FrigidBlade,"Frigid Blade"
ITEM_NAME_FueledFalchion,"Fueled Falchion"
ITEM_NAME_GiantRemoteSpider,"Giant Remote Spider"
ITEM_NAME_Halberd,"Halberd"
ITEM_NAME_HawkHelm,"Hawk Helm"
ITEM_NAME_HeartOfTheBetrayer,"Heart of the Betrayer"
ITEM_NAME_HeaterShield,"Heater Shield"
ITEM_NAME_HeavyBasinet,"Heavy Basinet"
ITEM_NAME_HeavyGreaves,"Heavy Greaves"
ITEM_NAME_HelixRing,"Helix Ring"
ITEM_NAME_HelmOfTheMountain,"Helm of the Mountain"
ITEM_NAME_HideArmor,"Hide Armor"
ITEM_NAME_HookedChain,"Hooked Chain"
ITEM_NAME_HornedHelm,"Horned Helm"
ITEM_NAME_InfernoBlade,"Inferno Blade"
ITEM_NAME_IronHelmet,"Iron Helmet"
ITEM_NAME_JaggedSword,"Jagged Sword"
ITEM_NAME_LeatherArmor,"Leather Armor"
ITEM_NAME_LongSpear,"Long Spear"
ITEM_NAME_LuckyEye,"Lucky Eye"
ITEM_NAME_MagmaWaders,"Magma Waders"
ITEM_NAME_MajorCurePotion,"Major Cure Potion"
ITEM_NAME_MajorHealingPotion,"Major Healing Potion"
ITEM_NAME_MajorManaPotion,"Major Mana Potion"
ITEM_NAME_MajorPowerPotion,"Major Power Potion"
ITEM_NAME_MajorStaminaPotion,"Major Stamina Potion"
ITEM_NAME_MaskofTerror,"Mask of Terror"
ITEM_NAME_MinorCurePotion,"Minor Cure Potion"
ITEM_NAME_MinorHealingPotion,"Minor Healing Potion"
ITEM_NAME_MinorManaPotion,"Minor Mana Potion"
ITEM_NAME_MinorPowerPotion,"Minor Power Potion"
ITEM_NAME_MinorStaminaPotion,"Minor Stamina Potion"
ITEM_NAME_MoonEarring,"Moon Earring"
ITEM_NAME_MountainHammer,"Mountain Hammer"
ITEM_NAME_NecklaceofTeeth,"Necklace of Teeth"
ITEM_NAME_NightBlade,"Night Blade"
ITEM_NAME_OccultDagger,"Occult Dagger"
ITEM_NAME_OrbofDawn,"Orb of Dawn"
ITEM_NAME_OrbofTwilight,"Orb of Twilight"
ITEM_NAME_PendantofDarkPacts,"Pendant of Dark Pacts"
ITEM_NAME_PiercingBow,"Piercing Bow"
ITEM_NAME_Platemail,"Platemail"
ITEM_NAME_PoisonDagger,"Poison Dagger"
ITEM_NAME_PowerCore,"Power Core"
ITEM_NAME_ProtectiveCharm,"Protective Charm"
ITEM_NAME_ReapingScythe,"Reaping Scythe"
ITEM_NAME_RemoteSpider,"Remote Spider"
ITEM_NAME_ResonantCrystal,"Resonant Crystal"
ITEM_NAME_RingofBrutality,"Ring of Brutality"
ITEM_NAME_RingofHaste,"Ring of Haste"
ITEM_NAME_RingofSkulls,"Ring of Skulls"
ITEM_NAME_RobesofEvocation,"Robes of Evocation"
ITEM_NAME_RobesofSummoning,"Robes of Summoning"
ITEM_NAME_RocketBoots,"Rocket Boots"
ITEM_NAME_SacrificialRobes,"Sacrificial Robes"
ITEM_NAME_ScrollofHealing,"Scroll of Healing"
ITEM_NAME_ScrollofPower,"Scroll of Power"
ITEM_NAME_ScrollofStamina,"Scroll of Stamina"
ITEM_NAME_SecondChanceRing,"Second Chance Ring"
ITEM_NAME_SecondSkin,"Second Skin"
ITEM_NAME_SereneSandals,"Serene Sandals"
ITEM_NAME_ShadowArmor,"Shadow Armor"
ITEM_NAME_ShoesofHappiness,"Shoes of Happiness"
ITEM_NAME_SkullbaneAxe,"Skullbane Axe"
ITEM_NAME_SkullofHatred,"Skull of Hatred"
ITEM_NAME_SphereofMidnight,"Sphere of Midnight"
ITEM_NAME_SpikedShield,"Spiked Shield"
ITEM_NAME_Splintmail,"Splintmail"
ITEM_NAME_StaffofElements,"Staff of Elements"
ITEM_NAME_StaffofEminence,"Staff of Eminence"
ITEM_NAME_StaffofSummoning,"Staff of Summoning"
ITEM_NAME_StaffofXorn,"Staff of Xorn"
ITEM_NAME_StarEarring,"Star Earring"
ITEM_NAME_SteamArmor,"Steam Armor"
ITEM_NAME_SteelRing,"Steel Ring"
ITEM_NAME_SteelSabatons,"Steel Sabatons"
ITEM_NAME_StormBlade,"Storm Blade"
ITEM_NAME_StuddedLeather,"Studded Leather"
ITEM_NAME_StunPowder,"Stun Powder"
ITEM_NAME_SunEarring,"Sun Earring"
ITEM_NAME_SuperHealingPotion,"Super Healing Potion"
ITEM_NAME_SwordedgeArmor,"Swordedge Armor"
ITEM_NAME_TelescopicLens,"Telescopic Lens"
ITEM_NAME_ThiefsHood,"Thief's Hood"
ITEM_NAME_TowerShield,"Tower Shield"
ITEM_NAME_TremorBlade,"Tremor Blade"
ITEM_NAME_UnstableExplosives,"Unstable Explosives"
ITEM_NAME_VersatileDagger,"Versatile Dagger"
ITEM_NAME_VolatileBomb,"Volatile Bomb"
ITEM_NAME_WallShield,"Wall Shield"
ITEM_NAME_WandofBrilliance,"Wand of Brilliance"
ITEM_NAME_WandofDarkness,"Wand of Darkness"
ITEM_NAME_WandofFrost,"Wand of Frost"
ITEM_NAME_WandofInfernos,"Wand of Infernos"
ITEM_NAME_WandofStorms,"Wand of Storms"
ITEM_NAME_WandofTremors,"Wand of Tremors"
ITEM_NAME_WarHammer,"War Hammer"
ITEM_NAME_WaveCrest,"Wave Crest"
ITEM_NAME_WeightedNet,"Weighted Net"
ITEM_NAME_WingedShoes,"Winged Shoes"
Immobilize,"IMMOBILIZE"
ImmobilizeShort,"IMMOBILIZE"
Immovable,"IMMOVABLE"
Immunities,"Immunities"
ImmunityTo,"Immunity to"
ImprovedShortRest,"Short Rest has Long Rest's benefits next round"
Infiltrator,"Infiltrator"
Infuse,"Infuse"
Init,"Init."
Initiative,"Initiative"
Innate,"Innate"
InoxArcher,"Inox Archer"
InoxArcherElite,"Inox Archer Elite"
InoxBodyguard,"Inox Bodyguard"
InoxGuard,"Inox Guard"
InoxGuardElite,"Inox Guard Elite"
InoxShaman,"Inox Shaman"
InoxShamanElite,"Inox Shaman Elite"
Intro_AbilityCardPanel_1,"Mercenaries will unlock new and more powerful Ability Cards each time they Level Up.
Look for <color=#EACF8C>synergies between Ability Cards</color> and adapt your hand depending on the enemies types you'll be facing.
Having the right cards against the right enemies might just keep you alive."
Intro_AbilityCardPanel_2,"On the Ability Panel you can <color=#EACF8C>edit the deck of cards</color> you take to a Dungeon. Each Mercenary has a different amount of cards they can carry and can only go adventuring with a fully equipped hand. Hover over the Abilities to view their full description."
Intro_BattleGoals,"Before entering a Dungeon, each Mercenary must <color=#EACF8C>choose one out of two Battle Goals</color>.
A Battle Goal is a secret objective the Mercenary tries to complete inside the Dungeon. Failing it has no drawback, but successfully completing it and the Scenario will earn the character the rewards shown."
Intro_CityQuest,"You've unlocked a <color=#EACF8C>City Quest</color>!
You can access it by clicking on Gloomhaven, the City Map button or clicking on the new Quest in the Log."
Intro_CityQuest_CONTROLLER,"You’ve unlocked a City Quest!
You can use {UI_PREVIOUS_TAB} or {UI_NEXT_TAB} to inspect the Town Options and use {UI_SUBMIT} to <color=#EACF8C>select the City Map</color>, or directly selecting Gloomhaven on the World Map or by selecting the new Quest in the Log.   
"
Intro_Enchantress,"This screen allows you to add Enhancements to all of your abilities. Select the Ability, then the Enhancement Slot, and then the Enhancement you wish to add to that slot. Be aware that different Enhancements cost a different base amount, and that cost is modified by the number of Enhancements already on the card and the type of ability it is. When you remove an Enhancement, you recover 75% of its full original cost."
Intro_EquipmentPanel,"In the Equipment Panel you'll find the <color=#EACF8C>different types of items</color> a Mercenary can carry. Clicking on an item slot will display all the items of that type the Mercenary owns.
If the item slot is displayed in grey, it means you currently have no items of that type."
Intro_EquipmentPanel_CONTROLLER,"In the Equipment Panel you’ll find the <color=#EACF8C>different types of items</color> a Mercenary can carry. Selecting an item slot will display all the items of that type the Mercenary owns.
If the item slot is displayed in grey, it means the Mercenary currently has no items of that type.
"
Intro_ItemDesign,"You've found a new Item Design!
When you find an Item Design the item becomes <color=#EACF8C>available in the Merchant's Shop</color>."
Intro_LevelUp_1,"Good job on Levelling Up!
Each time a Mercenary levels up you'll <color=#EACF8C>choose one of two new, more powerful Ability Cards</color>. The Card you don't choose will still be available to pick the next time the Merc Level's Up.
Levelling Up also unlock a new Perk for the Mercenary."
Intro_LevelUp_2,"As the Mercenaries in the party Level Up, so will the <color=#EACF8C>Party's general Level</color>. This value is used to determine enemy strength, trap damage and the value of Loot in Dungeons.
You didn't expect things to get easier, did you?"
Intro_LevelUp_3,"The new Ability Card has been added to the Merc's Ability Panel. 
<color=#EACF8C>Don't forget to equip it</color> if you intend to use it in the next Dungeon!"
Intro_LinkedQuest,"Occasionally you'll come across Linked Quests.
Linked Quests share a narrative arc and are encouraged to be completed one after the other. By going directly to the Linked Quest you will <color=#EACF8C>avoid running into Road Encounters</color>.
If you prefer, you can return to Gloomhaven by clicking on its location on the Map.
Remember, while outside of Gloomhaven, you cannot buy or sell items, Level Up, Create new Mercenaries or Retire current ones."
Intro_LinkedQuests_CONTROLLER,"Occasionally you’ll come across Linked Quests.
Linked Quests share a narrative arc and are encouraged to complete one after the other. By going directly to the Liked Quest you will <color=#EACF8C>avoid running into Road Encounters</color>. 
If you prefer, you can return to Gloomhaven by selecting its location on the Map.
Remember, while outside of Gloomhaven, you cannot buy or sell items, Level Up, create New Mercenaries or Retire current ones."
Intro_Merchant,"Remember, each Mercenary has his or her own stash of Gold and a personal Inventory, so make sure you <color=#EACF8C>click on the right Mercenary's portrait</color> before you purchase an item."
Intro_Merchant_CONTROLLER,"Remember, each Mercenary has their own stash of gold and a personal Inventory, so make sure you <color=#EACF8C>select the right Mercenary’s portrait</color> before you purchase an item."
Intro_PerkCheck,"Collecting <color=#EACF8C>three Perk Points will unlock a Perk</color>. Perks are very handy as they allow you to edit a Mercenary's Attack Modifier Deck."
Intro_PerksPanel_1,"You've unlocked a Perk - nicely done, they are not easy to come by!
Successfully completing a Dungeon and the chosen Battle Goal Rewards the Merc with Perk Points, and collecting three of these will <color=#EACF8C>unlock a Perk</color>.
You can also unlock a Perk by levelling up a Mercenary."
Intro_PerksPanel_2,"Perks allow you to <color=#EACF8C>alter a Mercenary's Attack Modifier deck</color> by adding new, more powerful Modifiers and removing some of those nasty negative ones that keep creeping up in combat."
Intro_PersonalItem,"You have found a <color=#EACF8C>Personal Item</color>! Personal Items are powerful relics that can <color=#EACF8C>only be gained by completing Solo Quests</color>. Each Personal Item is linked to a specific Mercenary and therefore cannot be transferred to another Merc and neither can they be sold.
"
Intro_PersonalQuest_1,"A Personal Quest is the Mercenary's <color=#EACF8C>sole reason for adventuring</color>.
Once the objective is complete, the Merc will retire.
<color=#EACF8C>Beware</color> - when Mercenaries retire they will no longer be a playable character."
Intro_PersonalQuest_2,"Though farewells can often be bitter, sometimes things have to move on to give way to new horizons.
Completing Personal Quests and retiring Mercenaries is the primary route to <color=#EACF8C>unlocking new Character Classes</color>."
Intro_Prosperity,"Gloomhaven's Prosperity has been influenced by your actions. Once enough Prosperity is gained, Gloomhaven's Wealth will increase.
Increasing Gloomhaven Wealth will unlock <color=#EACF8C>new items in the Merchant's Shop</color> and will allow you to create new characters of a level equal or lower to the current Gloomhaven Wealth."
Intro_Quest,"Now might be a good time to go through the mercenaries' <color=#EACF8C>Ability Cards and Inventory</color> to make sure they are battle ready. In the Quest Description you can see the enemies you'll face. Hovering over them will reveal their stats."
Intro_Quest_CONTROLLER,"Now might be a good time to go through the Mercs <color=#EACF8C>Ability Cards and Inventory</color> to make sure they are battle ready. In the Quest Description you can see the enemies you’ll face. Inspect their stats by pushing ""RS""."
Intro_Reputation,"The party's Reputation has been influenced by your actions. <color=#EACF8C>Reputation will influence the cost of items</color> in the Merchant's Shop and the outcome of certain Encounters. Good deeds are often rewarded, but they can be so much less fun... The choice is yours."
Intro_Temple_1,"Mercenaries will be Blessed every time they give a Donation of 10 gold to the Temple of the Great Oak.
A Blessed Mercenary will <color=#EACF8C>gain two additional x2 Attack Modifiers</color> in the next Dungeon."
Intro_Temple_2_CONTROLLER,"Remember, each Mercenary has their own stash of gold, so make sure you <color=#EACF8C>select the right Mercenary’s portrait</color> before you donate to the Temple."
Intro_Temple_2_SplitGold,"Remember, each Mercenary has his or her own stash of Gold and a personal Inventory, so make sure you <color=#EACF8C>click on the right Mercenary's portrait</color> before you Donate to the Temple."
Invisible,"INVISIBLE"
InvisibleShort,"INVISIBLE"
IronBeast,"Iron Beast"
Ironbell,"Ironbell"
Ironbell_DESCR,"This small fort holds the Iron Bell, an ancient warning system not used for centuries. It was used to warn Keyport of raiders travelling up from the southern marshes."
IronwoodCamp,"Ironwood Camp"
Item,"Item"
Item_AmuletOfLife,"During your turn, perform a <nobr>""Heal <sprite name=Heal> 1,</nobr> Self"" action."
Item_AncientDrill,"During your melee attack, add <nobr>+2 Attack <sprite name=Attack></nobr> and <nobr>PIERCE <sprite name=Pierce> 2</nobr> to the entire Attack action."
Item_BalancedBlade,"Whenever you use the default top of an ability card, perform an <nobr>""Attack <sprite name=Attack> 4""</nobr> instead of an <nobr>""Attack <sprite name=Attack> 2""</nobr> action."
Item_BattleAxe,"During your single-target melee attack action, turn the attack into the following:                                                                                                                                                                             "
Item_BlackCard_1,"Choose one adjacent normal or elite enemy."
Item_BlackCard_2,"Add <nobr>+1 Attack <sprite name=Attack></nobr> to all your attacks targeting this enemy."
Item_BlackCard_ActiveText,"{0} adds <nobr>+1 Attack <sprite name=Attack></nobr> to all attacks targeting the chosen enemy."
Item_BlackCenser,"During your turn, <nobr>MUDDLE <sprite name=Muddle></nobr> all enemies within <nobr>Range <sprite name=Range> 2.</nobr>"
Item_BlackKnife,"During your melee attack, add <nobr>CURSE <sprite name=Curse></nobr> to a single attack."
Item_BlinkingCape,"During your turn, perform a <nobr>""Move <sprite name=Move> 4,</nobr> <nobr>Jump <sprite name=Jump>""</nobr> action."
Item_BloodyAxe,"During your melee attack, suffer 2 damage to add <nobr>+1 Attack <sprite name=Attack></nobr> to the entire Attack action."
Item_BootsOfDashing,"During your movement, add <nobr>+3 Move <sprite name=Move></nobr> to a single movement."
Item_BootsOfLevitation,"Gain Flying."
Item_BootsOfQuickness,"At the beginning of a round, after all ability cards have been revealed, increase or decrease your leading initiative value by 20."
Item_BootsOfSpeed,"At the beginning of a round, after all ability cards have been revealed, increase or decrease your leading initiative value by 10."
Item_BootsOfSprinting,"During your movement, add <nobr>+4 Move <sprite name=Move></nobr> to a single movement."
Item_BootsOfStriding,"During your movement, add <nobr>+2 Move <sprite name=Move></nobr> to a single movement."
Item_BrilliantBlade,"During your melee attack, <sprite name=ConsumeLight> to add <nobr>+2 Attack <sprite name=Attack></nobr> to a single attack."
Item_ChainHood,"While you are adjacent to three or more monsters, gain <nobr>Shield <sprite name=Shield> 1. </nobr> "
Item_Chainmail,"On the next three sources of damage from attacks targeting you, gain <nobr>Shield <sprite name=Shield> 1. </nobr>"
Item_CircletOfElements,"During your turn, <sprite name=ConsumeAny> to create any element."
Item_CloakOfInvisibility,"During your turn, gain <nobr>INVISIBLE <sprite name=Invisible>.</nobr>"
Item_CloakOfPhasing,"Gain Flying. While occupying an obstacle hex, you are considered <nobr>INVISIBLE <sprite name=Invisible>.</nobr> and cannot attack."
Item_CloakOfPockets,"You can carry two additional <sprite name=InvSmallItem> items."
Item_ComfortableShoes,"Whenever you use the default bottom of an ability card, perform a <nobr>""Move <sprite name=Move> 3""</nobr> instead of a <nobr>""Move <sprite name=Move> 2""</nobr> action."
Item_CrystalOfZenith,"At the end of your turn, if adjacent to The Colorless, you may consume this item to deal damage to The Colorless equal to twice the number of Mercenaries in the party."
Item_CuriousGear,"During your turn, disarm all traps within <nobr>Range <sprite name=Range> 2.</nobr>"
Item_DampeningRing,"During your turn, consume up to two elements for no effect."
Item_DoomPowder,"During your attack, add <nobr>STUN <sprite name=Stun></nobr>, <nobr>POISON <sprite name=Poison>,</nobr> and <nobr>CURSE <sprite name=Curse></nobr> to a single attack."
Item_DoomedCompass,"During your turn, force an enemy within <nobr>Range <sprite name=Range> 5</nobr> to perform a <nobr>""Move <sprite name=Move> 2""</nobr> action with you controlling the action."
Item_DrakescaleArmor,"You are immune to POISON <sprite name=Poison> and WOUND <sprite name=Wound>"
Item_DrakescaleBoots,"You are unaffected by difficult and hazardous terrain."
Item_DrakescaleHelm,"Whenever you gain MUDDLE <sprite name=Muddle>, gain STRENGTHEN <sprite name=Strengthen> instead."
Item_EagleEyeGoggles,"During your attack, gain Advantage on the entire Attack action."
Item_EmpoweringTalisman,"During your turn, <nobr>Refresh <sprite name=Refresh></nobr> one of your consumed <sprite name=InvSmallItem> items."
Item_EnduranceFootwraps,"If you move 4 or more hexes on your turn, perform a <nobr>""Heal <sprite name=Heal> 1, Self""</nobr> action."
Item_FalconFigurine,"Summon Jade Falcon"
Item_FleaBittenShawl,"You are considered to have an initiative of 99 for the purpose of enemy focusing."
Item_FrigidBlade,"During your melee attack, <sprite name=ConsumeIce> to add <nobr>+2 Attack <sprite name=Attack></nobr> to a single attack."
Item_FueledFalchion,"During your single-target melee attack, the target and all enemies adjacent to the target suffer 1 damage."
Item_GiantRemoteSpider,"During your turn, perform a <nobr>""Loot <sprite name=Loot> 1""</nobr> action."
Item_Halberd,"During your single-target melee attack action, you can attack any single enemy within 2 hexes."
Item_HawkHelm,"During your ranged attack, add <nobr>+1 Range <sprite name=Range></nobr> to your entire Attack action."
Item_HeartOfTheBetrayer,"During your turn, force one enemy within <nobr>Range <sprite name=Range> 3</nobr> to perform an <nobr>Attack <sprite name=Attack> +0</nobr>, <nobr>Range<sprite name=Range> +0</nobr> action with you controlling the action."
Item_HeaterShield,"When damaged by an attack, gain <nobr>Shield <sprite name=Shield> 1 </nobr>for the attack."
Item_HeavyBasinet,"You are immune to STUN <sprite name=Stun> and MUDDLE <sprite name=Muddle>"
Item_HeavyGreaves,"You are immune to all forced movement caused by either enemies or scenario mechanics"
Item_HelixRing,"During your turn,<sprite name=ConsumeLight><sprite name=ConsumeDark> to perform a <nobr>""Heal <sprite name=Heal> 25, Self""</nobr> action."
Item_HelmOfTheMountain,"When attacked, if <sprite name=Earth> is Strong, IMMOBILIZE <sprite name=Immobilize> the attacker."
Item_HideArmor,"On the next two sources of damage from attacks targeting you, gain <nobr>Shield <sprite name=Shield> 1. </nobr>"
Item_HookedChain,"During your ranged attack, add <nobr>PULL <sprite name=Pull> 2</nobr> to the entire attack action."
Item_HornedHelm,"After moving 4 or more hexes on your turn, add <nobr>+1 Attack <sprite name=Attack></nobr> to your next melee attack this turn."
Item_InfernoBlade,"During your melee attack, <sprite name=ConsumeFire> to add <nobr>+2 Attack <sprite name=Attack></nobr> to a single attack."
Item_IronHelmet,"When attacked, consider any x2 attack modifier card the enemy draws to be a +0 instead."
Item_JaggedSword,"During your melee attack, add <nobr>WOUND <sprite name=Wound></nobr> to a single attack."
Item_LeatherArmor,"<size=80%>The next two times you are attacked, the attacker gains Disadvantage on the attack."
Item_LongSpear,"During your single-target melee attack action, turn the attack into the following:"
Item_LuckyEye,"During your turn, <nobr>STRENGTHEN <sprite name=Strengthen></nobr> yourself and all adjacent allies."
Item_MagmaWaders,"Ignore the damaging effects of hazardous terrrain. Once per turn on first entering hazardous terrain, you may perform a ""Heal 2, Self"" action."
Item_MajorCurePotion,"During your turn, remove all negative conditions on yourself.  This can be used while you have <nobr>Stun <sprite name=Stun>.</nobr>"
Item_MajorHealingPotion,"During your turn, perform a <nobr>""Heal <sprite name=Heal> 5,</nobr> Self"" action."
Item_MajorManaPotion,"During your turn, create any two elements."
Item_MajorPowerPotion,"During your attack, add <nobr>+2 Attack <sprite name=Attack></nobr> to your entire Attack action."
Item_MajorStaminaPotion,"During your turn, <nobr>Recover <sprite name=Recover></nobr> up to two of your discarded cards."
Item_MaskOfTerror,"During your melee attack, add <nobr>PUSH <sprite name=Push> 1.</nobr>"
Item_MinorCurePotion,"During your turn, remove one negative condition on yourself.  This can be used while you have <nobr>Stun <sprite name=Stun>.</nobr>"
Item_MinorHealingPotion,"During your turn, perform a <nobr>""Heal <sprite name=Heal> 3,</nobr> Self"" action."
Item_MinorManaPotion,"During your turn, create any element."
Item_MinorPowerPotion,"During your attack, add <nobr>+1 Attack <sprite name=Attack></nobr> to your entire Attack action."
Item_MinorStaminaPotion,"During your turn, <nobr>Recover <sprite name=Recover></nobr> up to one of your discarded cards."
Item_MoonEarring,"During your turn, <nobr>Refresh <sprite name=Refresh></nobr> all of your spent items."
Item_MountainHammer,"Item_MountainHammer PLACEHOLDER"
Item_MountainHammer_1,"Summon Warrior Spirit"
Item_MountainHammer_2,"HP: 4 Move: 1"
Item_MountainHammer_3,"Attack: 3 Range: -"
Item_NecklaceOfTeeth,"Any time you kill an enemy during your turn, perform a <nobr>""Heal <sprite name=Heal> 1, Self""</nobr> action."
Item_NightBlade,"During your melee attack, <sprite name=ConsumeDark> to add <nobr>+2 Attack <sprite name=Attack></nobr> to a single attack."
Item_OccultDagger,"During your attacks against the Harvester, gain <nobr>Pierce <sprite name=Pierce> 4.</nobr>"
Item_OrbOfDawn,"During your turn, consume <nobr>Dark <sprite name=ConsumeDark> to infuse <nobr>Light <sprite name=Light>."
Item_OrbOfTwilight,"During your turn, consume <nobr>Light <sprite name=ConsumeLight></nobr> to infuse <nobr>Dark <sprite name=Dark></nobr>."
Item_PendantOfDarkPacts,"During your turn, <nobr>Refresh <sprite name=Refresh></nobr> two of your consumed <sprite name=InvSmallItem> items. Gain <nobr>Curse<sprite name=Curse></nobr>."
Item_PiercingBow,"During your ranged attack, ignore all Shield values for the entire Attack action."
Item_Platemail,"On the next five sources of damage from attacks targeting you, gain <nobr>Shield <sprite name=Shield> 1. </nobr>"
Item_PoisonDagger,"During your melee attack, add <nobr>POISON<sprite name=Poison></nobr> to a single attack."
Item_PowerCore,"Item_PowerCore PLACEHOLDER"
Item_ProtectiveCharm,"You are immune to POISON <sprite name=Poison> and WOUND <sprite name=Wound>"
Item_ReapingScythe,"During your single-target melee attack action, turn the attack into the following:"
Item_RemoteSpider,"During your turn, <nobr>POISON <sprite name=Poison></nobr> all adjacent enemies."
Item_ResonantCrystal,"During your turn, destroy an adjacent obstacle."
Item_RingOfBrutality,"At the end of your turn, play one card from your hand and immediately perform the top action of the card."
Item_RingOfHaste,"At the end of your turn, play one card from your hand and immediately perform the bottom action of the card."
Item_RingOfSkulls,"Summon Skeleton"
Item_RobesOfEvocation,"During your attack <sprite name=ConsumeAny> to add <nobr>+1 Attack <sprite name=Attack></nobr>  to the entire Attack action."
Item_RobesOfSummoning,"During your turn, perform a ""<nobr>Heal <sprite name=Heal> 2, target any summoned ally"" action."
Item_RocketBoots,"During your movement, add <nobr>+3 Move <sprite name=Move></nobr> and <nobr>Jump <sprite name=Jump></nobr> to a single movement."
Item_SacrificialRobes,"During your ranged attack, suffer 3 damage to add <nobr>+1 Attack <sprite name=Attack></nobr> to the entire Attack action."
Item_ScrollOfHealing,"During your turn, perform a ""<nobr>Heal <sprite name=Heal> 3,</nobr> <nobr>Range <sprite name=Range> 5""</nobr> action."
Item_ScrollOfPower,"During an ally's attack add <nobr>+1 Attack <sprite name=Attack></nobr> to their entire Attack action."
Item_ScrollOfStamina,"During your turn, an ally within <nobr>Range <sprite name=Range> 5</nobr> may <nobr>Recover <sprite name=Recover></nobr> up to two of their discarded cards."
Item_SecondChanceRing,"At the end of your turn, play two cards from your hand and perform an additional turn this round based on your new leading initiative (which must be later than your current initiative)"
Item_SecondSkin,"Remove two -1 from your attack modifier deck."
Item_SereneSandals,"Whenever you use the default bottom of an ability card, perform a <nobr>""Move <sprite name=Move> 4""</nobr> instead of a <nobr>""Move <sprite name=Move> 2""</nobr> action."
Item_ShadowArmor,"When you are damaged by an attack targeting you, suffer no damage instead."
Item_ShoesOfHappiness,"If you move 6 or more hexes on your turn, gain <sprite name=XP1>."
Item_SkullOfHatred,"During your turn, <nobr>CURSE <sprite name=Curse></nobr> all adjacent enemies."
Item_SkullbaneAxe,"During your melee attack targeting a Living Corpse, Living Spirit, or Living Bones, add <nobr>+5 Attack <sprite name=Attack> </nobr>to a single attack."
Item_SphereOfMidnight,"At the end of your turn, if adjacent to The Colorless, you may consume this item to deal damage to The Colorless equal to twice the number of Mercenaries in the party."
Item_SpikedShield,"When damaged by <nobr>an attack</nobr>, gain <nobr>Shield <sprite name=Shield> 1</nobr> and <nobr>Retaliate <sprite name=Retaliate> 2</nobr> for the attack."
Item_Splintmail,"On the next four sources of damage from attacks targeting you, gain <nobr>Shield <sprite name=Shield> 1. </nobr>"
Item_StaffOfElements,"During your turn, create any element."
Item_StaffOfEminence,"During your ranged attack <sprite name=ConsumeAny> to add <nobr>+1 Attack <sprite name=Attack></nobr>  to the entire Attack action."
Item_StaffOfSummoning,"During your turn, a summoned ally within <nobr>Range <sprite name=Range> 3</nobr> performs a ""<nobr>Move <sprite name=Move> 3</nobr>"" action with you controlling the action. "
Item_StaffOfXorn,"During your ranged attack, add <nobr>POISON <sprite name=Poison></nobr> and <nobr>MUDDLE <sprite name=Muddle></nobr> to the entire Attack action."
Item_StarEarring,"During your turn, <nobr>Refresh <sprite name=Refresh></nobr> all of your spent items, perform a <nobr>""Heal <sprite name=Heal> 3,</nobr> Self"" action, and <nobr>Recover <sprite name=Recover></nobr> up to two of your discarded cards."
Item_SteamArmor,"On the next five sources of damage from attacks targeting you, gain <nobr>Shield <sprite name=Shield> 1.</nobr>"
Item_SteelRing,"When damaged by an attack, gain <nobr>Shield <sprite name=Shield> 4 </nobr>for the attack."
Item_SteelSabatons,"If you move 1 or fewer hexes on your turn, gain <nobr>Shield <sprite name=Shield> 1</nobr> for the Round."
Item_StormBlade,"During your melee attack, <sprite name=ConsumeAir> to add <nobr>+2 Attack <sprite name=Attack></nobr> to a single attack."
Item_StuddedLeather,"The next two times you are attacked, the attacker gains Disadvantage and you gain <nobr>Shield <sprite name=Shield> 1</nobr> if damaged."
Item_StunPowder,"During your attack, add <nobr>STUN <sprite name=Stun></nobr> to a single attack."
Item_SunEarring,"During your turn, <nobr>Refresh <sprite name=Refresh></nobr> all of your spent items and perform a <nobr>""Heal <sprite name=Heal> 3,</nobr> Self"" action."
Item_SuperHealingPotion,"During your turn, perform a <nobr>""Heal <sprite name=Heal> 7,</nobr> Self"" action."
Item_SwordedgeArmor,"On the next three sources of damage from attacks targeting you, gain <nobr>Shield <sprite name=Shield> 1</nobr>, <nobr>Retaliate <sprite name=Retaliate> 1.</nobr>"
Item_TelescopicLens,"During your ranged attack, add <nobr>+2 Range <sprite name=Range></nobr> to your entire Attack action."
Item_ThiefsHood,"During your <nobr>""Loot <sprite name=Loot> 1""</nobr> ability, perform a <nobr>""Loot <sprite name=Loot> 2""</nobr> ability instead."
Item_TowerShield,"When damaged by an attack, gain <nobr>Shield <sprite name=Shield> 2 </nobr>for the attack."
Item_TremorBlade,"During your melee attack, <sprite name=ConsumeEarth> to add <nobr>+2 Attack <sprite name=Attack></nobr> to a single attack."
Item_UnstableExplosives_1,"During your single-target ranged attack action, turn the attack into the following:"
Item_UnstableExplosives_2,"All Allies in the attack area suffer 3 damage."
Item_VersatileDagger,"Whenever you use the default top of an ability card, perform an <nobr>""Attack <sprite name=Attack> 3""</nobr> instead of an <nobr>""Attack <sprite name=Attack> 2""</nobr> action."
Item_VolatileBomb,"During your single-target ranged attack action, turn the attack into the following:"
Item_WallShield,"When damaged by an attack, gain <nobr>Shield <sprite name=Shield> 4 </nobr>for the attack."
Item_WandOfBrilliance,"During your turn, create Light."
Item_WandOfDarkness,"During your turn, create Dark."
Item_WandOfFrost,"During your turn, create Ice."
Item_WandOfInfernos,"During your turn, create Fire."
Item_WandOfStorms,"During your turn, create Air."
Item_WandOfTremors,"During your turn, create Earth."
Item_WarHammer,"During your melee attack, add <nobr>STUN <sprite name=Stun></nobr> to the entire attack action."
Item_WaveCrest,"When attacked, if <sprite name=Ice> is Strong, perform a ""PUSH<sprite name=Push>2"" action targeting the attacker."
Item_WeightedNet,"During your ranged attack, add <nobr>IMMOBILIZE <sprite name=Immobilize></nobr> to a single attack."
Item_WingedShoes,"During your movement, add <nobr>Jump <sprite name=Jump></nobr> to the movement."
JadeFalcon,"Jade Falcon"
Jekserah,"Jekserah"
Jump,"Jump"
KEYCODE_AltGr,"Alt Gr"
KEYCODE_Backspace,"Backspace"
KEYCODE_Break,"Break"
KEYCODE_CapsLock,"Caps Lock"
KEYCODE_Clear,"Clear"
KEYCODE_Delete,"Delete"
KEYCODE_DownArrow,"Down Arrow"
KEYCODE_End,"End"
KEYCODE_Escape,"Escape"
KEYCODE_Help,"Help"
KEYCODE_Home,"Home"
KEYCODE_Insert,"Insert"
KEYCODE_JoystickButton1,"B Button"
KEYCODE_JoystickButton2,"X Button"
KEYCODE_JoystickButton3,"Y Button"
KEYCODE_JoystickButton4,"LB"
KEYCODE_JoystickButton5,"RB"
KEYCODE_KeypadDivide,"Keypad /"
KEYCODE_KeypadEquals,"Keypad ="
KEYCODE_KeypadMinus,"Keypad -"
KEYCODE_KeypadMultiply,"Keypad *"
KEYCODE_KeypadPeriod,"Keypad ."
KEYCODE_KeypadPlus,"Keypad +"
KEYCODE_LeftAlt,"Left Alt"
KEYCODE_LeftApple,"Left Apple"
KEYCODE_LeftArrow,"Left Arrow"
KEYCODE_LeftCommand,"Left Command"
KEYCODE_LeftControl,"Left Control"
KEYCODE_LeftShift,"Left Shift"
KEYCODE_LeftWindows,"Left Windows"
KEYCODE_Menu,"Menu"
KEYCODE_Mouse1,"Mouse Right Button"
KEYCODE_Mouse2,"Mouse Middle Button"
KEYCODE_Mouse3,"Mouse Back Button"
KEYCODE_Mouse4,"Mouse Forward Button"
KEYCODE_Numlock,"Numlock"
KEYCODE_PageDown,"Page Down"
KEYCODE_PageUp,"Page Up"
KEYCODE_Pause,"Pause"
KEYCODE_Print,"Print"
KEYCODE_Return,"Return"
KEYCODE_RightAlt,"Right Alt"
KEYCODE_RightApple,"Right Apple"
KEYCODE_RightArrow,"Right Arrow"
KEYCODE_RightCommand,"Right Command"
KEYCODE_RightControl,"Right Control"
KEYCODE_RightShift,"Right Shift"
KEYCODE_RightWindows,"Right Windows"
KEYCODE_ScrollLock,"Scroll Lock"
KEYCODE_Space,"Space"
KEYCODE_SysReq,"Sys Req"
KEYCODE_Tab,"Tab"
KEYCODE_UpArrow,"Up Arrow"
Kailej,"Kailej"
Kailej_DESCR,"The southern Inox settlement of Kailej is somewhat of an oddity. Uncharacteristic of its inhabitants, the large town’s wooden buildings and rudimentary sewer system fuel rumours that it was not the Inox who built it. Nevertheless, it is a welcome rest-stop for those journeying south across Stormbrew."
Keyport,"Keyport"
Keyport_DESCR,"Keyport is the main trading hub of the western sea, and has grown wealthy and powerful. Rumours abound of the merchant's guild planning a local coup, and the garrison of Staybright has been bolstered as a precaution."
Kill,"Kill"
Kill All Enemies,"Kill All Enemies"
Kill_AllNormalEnemiesInTargetedArea,"Kill all normal enemies in the targeted area."
Kill_OneAdjacentEnemy,"Kill one adjacent normal or elite enemy."
Kill_OneAdjacentNormalEnemy,"Kill one adjacent normal enemy."
Kill_OneNormal,"Kill one normal target"
Killbot,"Kill Bot"
LOADING_TIP_001,"Try to take damage to your hit points over burning cards – it's often easier to regain health than recover burned cards."
LOADING_TIP_002,"Watch out for traps! You can see them glinting occasionally to help you spot them."
LOADING_TIP_003,"You can use Push and Pull abilities to force enemies onto traps."
LOADING_TIP_004,"You can press Tab to highlight objects and characters in the level."
LOADING_TIP_005,"You can press Alt to show all mercenaries' hands of cards and inventories on screen together at once."
LOADING_TIP_006,"Use R to rotate your area effect shapes to line them up with your enemies."
LOADING_TIP_007,"Look for synergies not only between your cards, but also the cards of your other party members."
LOADING_TIP_008,"Move abilities on the top half of a card and Attack abilities on the bottom half of a card are uncommon, but can be especially useful."
LOADING_TIP_009,"You can adjust the difficulty to your liking if you find yourself struggling or craving a challenge."
LOADING_TIP_010,"Consider whether you want to act early or late in a round – letting the enemy move towards you first can be advantageous."
LOADING_TIP_011,"You can press Tab to see the order in which enemies of the same type will act."
LOADING_TIP_012,"To consume elements to augment an ability, click the toggles that appear before confirming targets for the ability."
LOADING_TIP_013,"Be prepared for more enemies when you open a door to another room!"
LOADING_TIP_014,"Choose your party before travelling – once you are on your way, you can no longer switch out party members."
LOADING_TIP_015,"For those really tough missions in Guildmaster mode, consider seeking a blessing from the Temple beforehand."
LOADING_TIP_016,"Guildmaster's Job quests have a chance of spawning a chest – be sure to loot it before finishing the scenario objectives!"
LOADING_TIP_017,"Be careful when equipping new Items – they'll be bound to that mercenary. You'll have to pay to re-equip them elsewhere."
LOADING_TIP_018,"You can unlock more enhancement types by completing achievements, and more slots per mercenary by exploring the map."
LOADING_TIP_019,"Guildmaster's Travel and Job quests scale as you play through the game. Story and Relic quests tend to be tougher!"
LOADING_TIP_020,"Not all scenarios require all enemies to be killed to be completed – be sure to check your objectives."
LOADING_TIP_021,"Allies can be helpful in scenarios, but are often a little reckless – try to divert attacks from them to keep them alive!"
LOADING_TIP_022,"If you are unsure if you will get to act early or late, consider picking a pair of cards that can be useful regardless of when you get to act."
LOADING_TIP_023,"Observe the enemy moves and learn their decks and abilities. Some creatures are consistently fast and others slow, which is knowledge you can use to your advantage."
LOADING_TIP_024,"You can press L to see the Line of Sight display."
LOADING_TIP_025,"Each card half you select for a player character's turn is an action, and is comprised of one or more abilities."
LOADING_TIP_026,"An action with a specified type means that at least one of the abilities within are of that type. For example, a ""Move action"" contains at least one Move ability."
LOADING_TIP_027,"Whenever you Push/Pull X, you must always Push/Pull the target the full amount (unless obstacles/characters prevent further movement), or skip the effect altogether."
LOADING_TIP_028,"Beware that if a Miss (x0) attack modifier is drawn along with a rolling modifier while you have Advantage, the miss will still apply!"
LOADING_TIP_029,"Enemies add +1 Attack when attacking a Poisoned <sprite name=Poison> character. A Heal ability will cure Poison but have no other effect."
LOADING_TIP_030,"Wound <sprite name=Wound> causes the character to suffer one damage at the start of each of its turns. A Heal ability will cure the Wound."
LOADING_TIP_031,"Immobilize <sprite name=Immobilize> prevents a character from performing any Move abilities until the end of their next turn."
LOADING_TIP_032,"Disarm <sprite name=Disarm> prevents a character from performing any Attack abilities until the end of their next turn."
LOADING_TIP_033,"Stun <sprite name=Stun> prevents a character from performing any actions or using items until the end of their next turn."
LOADING_TIP_034,"Stunned <sprite name=Stun> characters must still select cards for their turn, but they are simply discarded. Long Rests are performed as normal."
